,ID,duration,wav,spk_id,wrd
0,common_voice_en_20117875,7.896,/gpfsscratch/rech/nou/uzn19yk/cv-corpus-8.0-2022-01-19/en/clips/common_voice_en_20117875.mp3,1d8a5a86ea20aa36ecf601cae7c6cdaf25cface549454f3f365cdd1a36c0d36008c4f37b5c9f9823f50bc946fadd1f803ef7a70f74f613d2eedfd455caa9e595,THE WORD CUTLER MEANS ONE WHO MAKES KNIVES HENCE THE WORD CUTLERY
1,common_voice_en_20957785,7.536,/gpfsscratch/rech/nou/uzn19yk/cv-corpus-8.0-2022-01-19/en/clips/common_voice_en_20957785.mp3,1d8a5a86ea20aa36ecf601cae7c6cdaf25cface549454f3f365cdd1a36c0d36008c4f37b5c9f9823f50bc946fadd1f803ef7a70f74f613d2eedfd455caa9e595,EDISON HIMSELF DAMAGED AN EYE IN TESTING THESE EARLY FLUOROSCOPES
2,common_voice_en_19958120,9.24,/gpfsscratch/rech/nou/uzn19yk/cv-corpus-8.0-2022-01-19/en/clips/common_voice_en_19958120.mp3,1d8a5a86ea20aa36ecf601cae7c6cdaf25cface549454f3f365cdd1a36c0d36008c4f37b5c9f9823f50bc946fadd1f803ef7a70f74f613d2eedfd455caa9e595,THERE IS AN ABSENCE OF KERATIN PRODUCTION AND A REDUCED NUMBER OF EPITHELIAL CELLS
3,common_voice_en_20857534,7.3679999999999986,/gpfsscratch/rech/nou/uzn19yk/cv-corpus-8.0-2022-01-19/en/clips/common_voice_en_20857534.mp3,1d8a5a86ea20aa36ecf601cae7c6cdaf25cface549454f3f365cdd1a36c0d36008c4f37b5c9f9823f50bc946fadd1f803ef7a70f74f613d2eedfd455caa9e595,COHO SALMON DOLLY VARDEN AND OTHER FISH ARE COMMONLY CAUGHT IN THIS RIVER
4,common_voice_en_21860405,6.456,/gpfsscratch/rech/nou/uzn19yk/cv-corpus-8.0-2022-01-19/en/clips/common_voice_en_21860405.mp3,1d8a5a86ea20aa36ecf601cae7c6cdaf25cface549454f3f365cdd1a36c0d36008c4f37b5c9f9823f50bc946fadd1f803ef7a70f74f613d2eedfd455caa9e595,HIS PARTNER IS HIS YOUNGER BROTHER DEMARIO PHILLIPS
5,common_voice_en_20075156,9.552,/gpfsscratch/rech/nou/uzn19yk/cv-corpus-8.0-2022-01-19/en/clips/common_voice_en_20075156.mp3,1d8a5a86ea20aa36ecf601cae7c6cdaf25cface549454f3f365cdd1a36c0d36008c4f37b5c9f9823f50bc946fadd1f803ef7a70f74f613d2eedfd455caa9e595,ALL THE SONGS WERE INCLUDED ON THE REMASTERED VERSION OF EAZY E S PREMIERE EAZY DUZ IT
6,common_voice_en_20669474,4.992,/gpfsscratch/rech/nou/uzn19yk/cv-corpus-8.0-2022-01-19/en/clips/common_voice_en_20669474.mp3,1d8a5a86ea20aa36ecf601cae7c6cdaf25cface549454f3f365cdd1a36c0d36008c4f37b5c9f9823f50bc946fadd1f803ef7a70f74f613d2eedfd455caa9e595,FOR FORTY YEARS KORIN WORKED ON THE PAINTING
7,common_voice_en_20320009,7.32,/gpfsscratch/rech/nou/uzn19yk/cv-corpus-8.0-2022-01-19/en/clips/common_voice_en_20320009.mp3,1d8a5a86ea20aa36ecf601cae7c6cdaf25cface549454f3f365cdd1a36c0d36008c4f37b5c9f9823f50bc946fadd1f803ef7a70f74f613d2eedfd455caa9e595,ATKINSON S OLDER BROTHER KENROY SAID MY BROTHER HAD LOST IT
8,common_voice_en_20088119,4.968,/gpfsscratch/rech/nou/uzn19yk/cv-corpus-8.0-2022-01-19/en/clips/common_voice_en_20088119.mp3,1d8a5a86ea20aa36ecf601cae7c6cdaf25cface549454f3f365cdd1a36c0d36008c4f37b5c9f9823f50bc946fadd1f803ef7a70f74f613d2eedfd455caa9e595,DANGERS APPEAR OUTSIDE THE COFFEE HOUSE AS WELL
9,common_voice_en_20258382,5.28,/gpfsscratch/rech/nou/uzn19yk/cv-corpus-8.0-2022-01-19/en/clips/common_voice_en_20258382.mp3,1d8a5a86ea20aa36ecf601cae7c6cdaf25cface549454f3f365cdd1a36c0d36008c4f37b5c9f9823f50bc946fadd1f803ef7a70f74f613d2eedfd455caa9e595,THIS WAS THE NAME OF HER TRADITION OF WICCA
10,common_voice_en_19999935,6.5760000000000005,/gpfsscratch/rech/nou/uzn19yk/cv-corpus-8.0-2022-01-19/en/clips/common_voice_en_19999935.mp3,1d8a5a86ea20aa36ecf601cae7c6cdaf25cface549454f3f365cdd1a36c0d36008c4f37b5c9f9823f50bc946fadd1f803ef7a70f74f613d2eedfd455caa9e595,THE METHODIST CHURCH IS PART OF THE AMERSHAM METHODIST CIRCUIT
11,common_voice_en_20075195,5.664,/gpfsscratch/rech/nou/uzn19yk/cv-corpus-8.0-2022-01-19/en/clips/common_voice_en_20075195.mp3,1d8a5a86ea20aa36ecf601cae7c6cdaf25cface549454f3f365cdd1a36c0d36008c4f37b5c9f9823f50bc946fadd1f803ef7a70f74f613d2eedfd455caa9e595,NOBLE S MOTHER WAS ELIZABETH ADAMS
12,common_voice_en_20363862,5.52,/gpfsscratch/rech/nou/uzn19yk/cv-corpus-8.0-2022-01-19/en/clips/common_voice_en_20363862.mp3,1d8a5a86ea20aa36ecf601cae7c6cdaf25cface549454f3f365cdd1a36c0d36008c4f37b5c9f9823f50bc946fadd1f803ef7a70f74f613d2eedfd455caa9e595,MAYWEATHER HAS NEVER FOUGHT ANYONE LIKE ME BEFORE
13,common_voice_en_20448454,4.632,/gpfsscratch/rech/nou/uzn19yk/cv-corpus-8.0-2022-01-19/en/clips/common_voice_en_20448454.mp3,1d8a5a86ea20aa36ecf601cae7c6cdaf25cface549454f3f365cdd1a36c0d36008c4f37b5c9f9823f50bc946fadd1f803ef7a70f74f613d2eedfd455caa9e595,HOUSING NOW OCCUPIES MUCH OF THE SUBURB
14,common_voice_en_20114703,9.192,/gpfsscratch/rech/nou/uzn19yk/cv-corpus-8.0-2022-01-19/en/clips/common_voice_en_20114703.mp3,1d8a5a86ea20aa36ecf601cae7c6cdaf25cface549454f3f365cdd1a36c0d36008c4f37b5c9f9823f50bc946fadd1f803ef7a70f74f613d2eedfd455caa9e595,LATER HE BECAME A JUSTICE OF THE PEACE AND EVENTUALLY REEVE OF NORMANBY TOWNSHIP
15,common_voice_en_20413661,5.5920000000000005,/gpfsscratch/rech/nou/uzn19yk/cv-corpus-8.0-2022-01-19/en/clips/common_voice_en_20413661.mp3,1d8a5a86ea20aa36ecf601cae7c6cdaf25cface549454f3f365cdd1a36c0d36008c4f37b5c9f9823f50bc946fadd1f803ef7a70f74f613d2eedfd455caa9e595,HE GREW UP WITH TWO YOUNGER SISTERS DONNA AND SUSAN
16,common_voice_en_20322762,6.48,/gpfsscratch/rech/nou/uzn19yk/cv-corpus-8.0-2022-01-19/en/clips/common_voice_en_20322762.mp3,1d8a5a86ea20aa36ecf601cae7c6cdaf25cface549454f3f365cdd1a36c0d36008c4f37b5c9f9823f50bc946fadd1f803ef7a70f74f613d2eedfd455caa9e595,THE FLOOR IN WILLIAMS ARENA RECENTLY UNDERWENT A REPLACEMENT
17,common_voice_en_20553267,8.592,/gpfsscratch/rech/nou/uzn19yk/cv-corpus-8.0-2022-01-19/en/clips/common_voice_en_20553267.mp3,1d8a5a86ea20aa36ecf601cae7c6cdaf25cface549454f3f365cdd1a36c0d36008c4f37b5c9f9823f50bc946fadd1f803ef7a70f74f613d2eedfd455caa9e595,BIBLICAL INERRANCY WAS A PARTICULARLY SIGNIFICANT RALLYING POINT FOR FUNDAMENTALISTS
18,common_voice_en_21819598,7.08,/gpfsscratch/rech/nou/uzn19yk/cv-corpus-8.0-2022-01-19/en/clips/common_voice_en_21819598.mp3,1d8a5a86ea20aa36ecf601cae7c6cdaf25cface549454f3f365cdd1a36c0d36008c4f37b5c9f9823f50bc946fadd1f803ef7a70f74f613d2eedfd455caa9e595,SHE CONTINUES TO WORK ACTIVELY BOTH ACADEMICALLY AND POLITICALLY AROUND THE GLOBE
19,common_voice_en_20927035,8.112,/gpfsscratch/rech/nou/uzn19yk/cv-corpus-8.0-2022-01-19/en/clips/common_voice_en_20927035.mp3,1d8a5a86ea20aa36ecf601cae7c6cdaf25cface549454f3f365cdd1a36c0d36008c4f37b5c9f9823f50bc946fadd1f803ef7a70f74f613d2eedfd455caa9e595,FIVE OF HIS COMPOSITIONS HAVE SURVIVED ALL OF THEM IN THE OLD HALL MANUSCRIPT
20,common_voice_en_22681858,5.136,/gpfsscratch/rech/nou/uzn19yk/cv-corpus-8.0-2022-01-19/en/clips/common_voice_en_22681858.mp3,1d8a5a86ea20aa36ecf601cae7c6cdaf25cface549454f3f365cdd1a36c0d36008c4f37b5c9f9823f50bc946fadd1f803ef7a70f74f613d2eedfd455caa9e595,PERHAPS SHE ANSWERED SMILING
21,common_voice_en_20436687,8.136000000000001,/gpfsscratch/rech/nou/uzn19yk/cv-corpus-8.0-2022-01-19/en/clips/common_voice_en_20436687.mp3,1d8a5a86ea20aa36ecf601cae7c6cdaf25cface549454f3f365cdd1a36c0d36008c4f37b5c9f9823f50bc946fadd1f803ef7a70f74f613d2eedfd455caa9e595,HE CONSTRUCTS A MAKESHIFT WEAPON USING CHUNKS OF DIAMOND AS AMMUNITION
22,common_voice_en_20516159,7.247999999999998,/gpfsscratch/rech/nou/uzn19yk/cv-corpus-8.0-2022-01-19/en/clips/common_voice_en_20516159.mp3,1d8a5a86ea20aa36ecf601cae7c6cdaf25cface549454f3f365cdd1a36c0d36008c4f37b5c9f9823f50bc946fadd1f803ef7a70f74f613d2eedfd455caa9e595,THE FILM WAS SHOT MAINLY ON LOCATION IN THE BRITISH COLUMBIA INTERIOR
23,common_voice_en_21087789,9.6,/gpfsscratch/rech/nou/uzn19yk/cv-corpus-8.0-2022-01-19/en/clips/common_voice_en_21087789.mp3,1d8a5a86ea20aa36ecf601cae7c6cdaf25cface549454f3f365cdd1a36c0d36008c4f37b5c9f9823f50bc946fadd1f803ef7a70f74f613d2eedfd455caa9e595,FROM MARCH MAY THE WARSHIP PARTICIPATED IN THE NAVAL REVIEW HELD AT HAMPTON ROADS VIRGINIA
24,common_voice_en_21592788,9.192,/gpfsscratch/rech/nou/uzn19yk/cv-corpus-8.0-2022-01-19/en/clips/common_voice_en_21592788.mp3,1d8a5a86ea20aa36ecf601cae7c6cdaf25cface549454f3f365cdd1a36c0d36008c4f37b5c9f9823f50bc946fadd1f803ef7a70f74f613d2eedfd455caa9e595,PANSIO ALSO HOSTS A NAVAL BASE OF THE FINNISH NAVY ARCHIPELAGO SEA NAVAL COMMAND
25,common_voice_en_20357387,8.112,/gpfsscratch/rech/nou/uzn19yk/cv-corpus-8.0-2022-01-19/en/clips/common_voice_en_20357387.mp3,1d8a5a86ea20aa36ecf601cae7c6cdaf25cface549454f3f365cdd1a36c0d36008c4f37b5c9f9823f50bc946fadd1f803ef7a70f74f613d2eedfd455caa9e595,IN THE QUEST IT PRODUCES AND OF TORQUE
26,common_voice_en_22520510,8.544,/gpfsscratch/rech/nou/uzn19yk/cv-corpus-8.0-2022-01-19/en/clips/common_voice_en_22520510.mp3,1d8a5a86ea20aa36ecf601cae7c6cdaf25cface549454f3f365cdd1a36c0d36008c4f37b5c9f9823f50bc946fadd1f803ef7a70f74f613d2eedfd455caa9e595,ADAGIO IS A JOINT PARTNERSHIP BETWEEN ACCOR HOTELS AND PIERRE AND VACANCES TOURISM
27,common_voice_en_21572791,4.992,/gpfsscratch/rech/nou/uzn19yk/cv-corpus-8.0-2022-01-19/en/clips/common_voice_en_21572791.mp3,1d8a5a86ea20aa36ecf601cae7c6cdaf25cface549454f3f365cdd1a36c0d36008c4f37b5c9f9823f50bc946fadd1f803ef7a70f74f613d2eedfd455caa9e595,SOME BEJA GROUPS ARE NOMADIC
28,common_voice_en_20065565,5.184,/gpfsscratch/rech/nou/uzn19yk/cv-corpus-8.0-2022-01-19/en/clips/common_voice_en_20065565.mp3,1d8a5a86ea20aa36ecf601cae7c6cdaf25cface549454f3f365cdd1a36c0d36008c4f37b5c9f9823f50bc946fadd1f803ef7a70f74f613d2eedfd455caa9e595,IT IS PART OF THE ONCENTER COMPLEX
29,common_voice_en_20159777,6.432,/gpfsscratch/rech/nou/uzn19yk/cv-corpus-8.0-2022-01-19/en/clips/common_voice_en_20159777.mp3,1d8a5a86ea20aa36ecf601cae7c6cdaf25cface549454f3f365cdd1a36c0d36008c4f37b5c9f9823f50bc946fadd1f803ef7a70f74f613d2eedfd455caa9e595,KING DIAMOND WAS ALSO MADE INTO A PLAYABLE CHARACTER IN THE GAME
30,common_voice_en_20045627,8.376,/gpfsscratch/rech/nou/uzn19yk/cv-corpus-8.0-2022-01-19/en/clips/common_voice_en_20045627.mp3,1d8a5a86ea20aa36ecf601cae7c6cdaf25cface549454f3f365cdd1a36c0d36008c4f37b5c9f9823f50bc946fadd1f803ef7a70f74f613d2eedfd455caa9e595,HE GAVE EVIDENCE BEFORE VARIOUS INDIAN COMMITTEES OF PARLIAMENT ON MATTERS OF EDUCATION
31,common_voice_en_20367176,6.504,/gpfsscratch/rech/nou/uzn19yk/cv-corpus-8.0-2022-01-19/en/clips/common_voice_en_20367176.mp3,1d8a5a86ea20aa36ecf601cae7c6cdaf25cface549454f3f365cdd1a36c0d36008c4f37b5c9f9823f50bc946fadd1f803ef7a70f74f613d2eedfd455caa9e595,THE PLAYERS SCORES ARE ALSO USED AS MONEY DURING BIDDING PHASES
32,common_voice_en_22045317,5.904,/gpfsscratch/rech/nou/uzn19yk/cv-corpus-8.0-2022-01-19/en/clips/common_voice_en_22045317.mp3,1d8a5a86ea20aa36ecf601cae7c6cdaf25cface549454f3f365cdd1a36c0d36008c4f37b5c9f9823f50bc946fadd1f803ef7a70f74f613d2eedfd455caa9e595,HOWEVER THIS APPROACH DOES NOT ALWAYS STOP REINFECTION
33,common_voice_en_22681803,9.144,/gpfsscratch/rech/nou/uzn19yk/cv-corpus-8.0-2022-01-19/en/clips/common_voice_en_22681803.mp3,1d8a5a86ea20aa36ecf601cae7c6cdaf25cface549454f3f365cdd1a36c0d36008c4f37b5c9f9823f50bc946fadd1f803ef7a70f74f613d2eedfd455caa9e595,MANY TEENAGERS ADOPTED DOLLZ AVATARS AS A SIGN OF REBELLION AGAINST OLDER PALACE USERS
34,common_voice_en_20129560,8.208,/gpfsscratch/rech/nou/uzn19yk/cv-corpus-8.0-2022-01-19/en/clips/common_voice_en_20129560.mp3,1d8a5a86ea20aa36ecf601cae7c6cdaf25cface549454f3f365cdd1a36c0d36008c4f37b5c9f9823f50bc946fadd1f803ef7a70f74f613d2eedfd455caa9e595,DESPITE THEIR COURAGEOUS RESISTANCE THE GAULS WERE DEFEATED
35,common_voice_en_20267063,9.432,/gpfsscratch/rech/nou/uzn19yk/cv-corpus-8.0-2022-01-19/en/clips/common_voice_en_20267063.mp3,1d8a5a86ea20aa36ecf601cae7c6cdaf25cface549454f3f365cdd1a36c0d36008c4f37b5c9f9823f50bc946fadd1f803ef7a70f74f613d2eedfd455caa9e595,DENVER INTERNATIONAL AIRPORT WAS ALSO TWICE AS FAR FROM DENVER AS STAPLETON INTERNATIONAL AIRPORT
36,common_voice_en_20088331,8.232000000000001,/gpfsscratch/rech/nou/uzn19yk/cv-corpus-8.0-2022-01-19/en/clips/common_voice_en_20088331.mp3,1d8a5a86ea20aa36ecf601cae7c6cdaf25cface549454f3f365cdd1a36c0d36008c4f37b5c9f9823f50bc946fadd1f803ef7a70f74f613d2eedfd455caa9e595,THE EARTH EXPERIENCES A NEVER ENDING BARRAGE OF COSMIC DEBRIS
37,common_voice_en_21151976,7.032,/gpfsscratch/rech/nou/uzn19yk/cv-corpus-8.0-2022-01-19/en/clips/common_voice_en_21151976.mp3,1d8a5a86ea20aa36ecf601cae7c6cdaf25cface549454f3f365cdd1a36c0d36008c4f37b5c9f9823f50bc946fadd1f803ef7a70f74f613d2eedfd455caa9e595,THUS THE SUPPORT OF THE CHURCH AIDED YURY TO MIKHAIL S DETRIMENT
38,common_voice_en_21182645,7.104,/gpfsscratch/rech/nou/uzn19yk/cv-corpus-8.0-2022-01-19/en/clips/common_voice_en_21182645.mp3,1d8a5a86ea20aa36ecf601cae7c6cdaf25cface549454f3f365cdd1a36c0d36008c4f37b5c9f9823f50bc946fadd1f803ef7a70f74f613d2eedfd455caa9e595,THERE ARE THREE CONFERENCES NORTH CENTRAL AND SOUTH
39,common_voice_en_20241036,4.8,/gpfsscratch/rech/nou/uzn19yk/cv-corpus-8.0-2022-01-19/en/clips/common_voice_en_20241036.mp3,1d8a5a86ea20aa36ecf601cae7c6cdaf25cface549454f3f365cdd1a36c0d36008c4f37b5c9f9823f50bc946fadd1f803ef7a70f74f613d2eedfd455caa9e595,NOR IS IT NIGGLING
40,common_voice_en_20690938,6.624,/gpfsscratch/rech/nou/uzn19yk/cv-corpus-8.0-2022-01-19/en/clips/common_voice_en_20690938.mp3,1d8a5a86ea20aa36ecf601cae7c6cdaf25cface549454f3f365cdd1a36c0d36008c4f37b5c9f9823f50bc946fadd1f803ef7a70f74f613d2eedfd455caa9e595,HE WAS ALSO A REMARKABLY PRACTICAL MAN WHO SPOKE CONCISELY
41,common_voice_en_21515374,6.528,/gpfsscratch/rech/nou/uzn19yk/cv-corpus-8.0-2022-01-19/en/clips/common_voice_en_21515374.mp3,1d8a5a86ea20aa36ecf601cae7c6cdaf25cface549454f3f365cdd1a36c0d36008c4f37b5c9f9823f50bc946fadd1f803ef7a70f74f613d2eedfd455caa9e595,THIS CONDEMNATION SERVED ONLY TO DIVIDE ENGLISH CATHOLICS
42,common_voice_en_21740871,9.24,/gpfsscratch/rech/nou/uzn19yk/cv-corpus-8.0-2022-01-19/en/clips/common_voice_en_21740871.mp3,1d8a5a86ea20aa36ecf601cae7c6cdaf25cface549454f3f365cdd1a36c0d36008c4f37b5c9f9823f50bc946fadd1f803ef7a70f74f613d2eedfd455caa9e595,HIS GRASP OF PARLIAMENTARY PROCEDURES WON HIM THE ACCOLADES OF FRIENDS AND ADVERSARIES ALIKE
43,common_voice_en_20117679,7.776,/gpfsscratch/rech/nou/uzn19yk/cv-corpus-8.0-2022-01-19/en/clips/common_voice_en_20117679.mp3,1d8a5a86ea20aa36ecf601cae7c6cdaf25cface549454f3f365cdd1a36c0d36008c4f37b5c9f9823f50bc946fadd1f803ef7a70f74f613d2eedfd455caa9e595,INFECTED ANIMALS HAVE A LARGE AMOUNT OF CRUMBLY DARK BROWN MATERIAL IN THEIR EARS
44,common_voice_en_21111371,7.463999999999999,/gpfsscratch/rech/nou/uzn19yk/cv-corpus-8.0-2022-01-19/en/clips/common_voice_en_21111371.mp3,1d8a5a86ea20aa36ecf601cae7c6cdaf25cface549454f3f365cdd1a36c0d36008c4f37b5c9f9823f50bc946fadd1f803ef7a70f74f613d2eedfd455caa9e595,THE SONG OF THE DAY SEGMENT IS AFTER THE INTRO OF THE SHOW
45,common_voice_en_21205519,4.92,/gpfsscratch/rech/nou/uzn19yk/cv-corpus-8.0-2022-01-19/en/clips/common_voice_en_21205519.mp3,1d8a5a86ea20aa36ecf601cae7c6cdaf25cface549454f3f365cdd1a36c0d36008c4f37b5c9f9823f50bc946fadd1f803ef7a70f74f613d2eedfd455caa9e595,GRACE AND BOB ARE HAPPILY DANCING
46,common_voice_en_20436706,9.12,/gpfsscratch/rech/nou/uzn19yk/cv-corpus-8.0-2022-01-19/en/clips/common_voice_en_20436706.mp3,1d8a5a86ea20aa36ecf601cae7c6cdaf25cface549454f3f365cdd1a36c0d36008c4f37b5c9f9823f50bc946fadd1f803ef7a70f74f613d2eedfd455caa9e595,HUYGENS HAS BEEN CALLED THE LEADING EUROPEAN NATURAL PHILOSOPHER BETWEEN DESCARTES AND NEWTON
47,common_voice_en_20186310,7.3679999999999986,/gpfsscratch/rech/nou/uzn19yk/cv-corpus-8.0-2022-01-19/en/clips/common_voice_en_20186310.mp3,1d8a5a86ea20aa36ecf601cae7c6cdaf25cface549454f3f365cdd1a36c0d36008c4f37b5c9f9823f50bc946fadd1f803ef7a70f74f613d2eedfd455caa9e595,THE MERES ARE SITES OF SPECIAL SCIENTIFIC INTEREST AND RAMSAR SITES
48,common_voice_en_20420714,8.184,/gpfsscratch/rech/nou/uzn19yk/cv-corpus-8.0-2022-01-19/en/clips/common_voice_en_20420714.mp3,1d8a5a86ea20aa36ecf601cae7c6cdaf25cface549454f3f365cdd1a36c0d36008c4f37b5c9f9823f50bc946fadd1f803ef7a70f74f613d2eedfd455caa9e595,LAUREL TAKASHIMA MET COMMANDER JEFFREY SINCLAIR WHILE WORKING AT MARS COLONY SECURITY
49,common_voice_en_20170384,6.888,/gpfsscratch/rech/nou/uzn19yk/cv-corpus-8.0-2022-01-19/en/clips/common_voice_en_20170384.mp3,1d8a5a86ea20aa36ecf601cae7c6cdaf25cface549454f3f365cdd1a36c0d36008c4f37b5c9f9823f50bc946fadd1f803ef7a70f74f613d2eedfd455caa9e595,THEY WON THE BID AND THE WINNIPESAUKEE SCENIC RAILROAD WAS FORMED
50,common_voice_en_20907992,7.08,/gpfsscratch/rech/nou/uzn19yk/cv-corpus-8.0-2022-01-19/en/clips/common_voice_en_20907992.mp3,1d8a5a86ea20aa36ecf601cae7c6cdaf25cface549454f3f365cdd1a36c0d36008c4f37b5c9f9823f50bc946fadd1f803ef7a70f74f613d2eedfd455caa9e595,IN ADDITION THE LABEL DELAYED WORK ON BAKER S FOLLOW UP OF THE SONGSTRESS
51,common_voice_en_20241035,5.376,/gpfsscratch/rech/nou/uzn19yk/cv-corpus-8.0-2022-01-19/en/clips/common_voice_en_20241035.mp3,1d8a5a86ea20aa36ecf601cae7c6cdaf25cface549454f3f365cdd1a36c0d36008c4f37b5c9f9823f50bc946fadd1f803ef7a70f74f613d2eedfd455caa9e595,THE AMERICA S CUP WAS CANCELLED FOR THAT YEAR
52,common_voice_en_20178633,7.896,/gpfsscratch/rech/nou/uzn19yk/cv-corpus-8.0-2022-01-19/en/clips/common_voice_en_20178633.mp3,1d8a5a86ea20aa36ecf601cae7c6cdaf25cface549454f3f365cdd1a36c0d36008c4f37b5c9f9823f50bc946fadd1f803ef7a70f74f613d2eedfd455caa9e595,WAVERLY IS PART OF THE BINGHAMTON METROPOLITAN STATISTICAL AREA
53,common_voice_en_20553221,6.6720000000000015,/gpfsscratch/rech/nou/uzn19yk/cv-corpus-8.0-2022-01-19/en/clips/common_voice_en_20553221.mp3,1d8a5a86ea20aa36ecf601cae7c6cdaf25cface549454f3f365cdd1a36c0d36008c4f37b5c9f9823f50bc946fadd1f803ef7a70f74f613d2eedfd455caa9e595,THERE ARE A NUMBER OF LODGES CABINS AND GUIDING SERVICES AVAILABLE
54,common_voice_en_20148007,6.96,/gpfsscratch/rech/nou/uzn19yk/cv-corpus-8.0-2022-01-19/en/clips/common_voice_en_20148007.mp3,1d8a5a86ea20aa36ecf601cae7c6cdaf25cface549454f3f365cdd1a36c0d36008c4f37b5c9f9823f50bc946fadd1f803ef7a70f74f613d2eedfd455caa9e595,PLEISTOCENE GLACIERS AND ICE SHEETS FURTHER DEEPENED THE TRENCH
55,common_voice_en_20945238,6.192,/gpfsscratch/rech/nou/uzn19yk/cv-corpus-8.0-2022-01-19/en/clips/common_voice_en_20945238.mp3,1d8a5a86ea20aa36ecf601cae7c6cdaf25cface549454f3f365cdd1a36c0d36008c4f37b5c9f9823f50bc946fadd1f803ef7a70f74f613d2eedfd455caa9e595,HE ALSO STARRED IN THE FILM AND SERVED AS A PRODUCER
56,common_voice_en_20714558,9.864,/gpfsscratch/rech/nou/uzn19yk/cv-corpus-8.0-2022-01-19/en/clips/common_voice_en_20714558.mp3,1d8a5a86ea20aa36ecf601cae7c6cdaf25cface549454f3f365cdd1a36c0d36008c4f37b5c9f9823f50bc946fadd1f803ef7a70f74f613d2eedfd455caa9e595,THEIR GOAL WAS TO PROMOTE RESEARCH IN ETHNOLOGY AND ALL INQUIRIES INVOLVING HUMANS
57,common_voice_en_21504478,5.688,/gpfsscratch/rech/nou/uzn19yk/cv-corpus-8.0-2022-01-19/en/clips/common_voice_en_21504478.mp3,1d8a5a86ea20aa36ecf601cae7c6cdaf25cface549454f3f365cdd1a36c0d36008c4f37b5c9f9823f50bc946fadd1f803ef7a70f74f613d2eedfd455caa9e595,HE REDISCOVERED THE COUNTRY BLUESMAN BUKKA WHITE
58,common_voice_en_20363848,7.08,/gpfsscratch/rech/nou/uzn19yk/cv-corpus-8.0-2022-01-19/en/clips/common_voice_en_20363848.mp3,1d8a5a86ea20aa36ecf601cae7c6cdaf25cface549454f3f365cdd1a36c0d36008c4f37b5c9f9823f50bc946fadd1f803ef7a70f74f613d2eedfd455caa9e595,RAZOR RECOMMENDS THAT KIDS UNDER THE AGE OF EIGHT RIDE WITH ADULT SUPERVISION
59,common_voice_en_20524996,5.424,/gpfsscratch/rech/nou/uzn19yk/cv-corpus-8.0-2022-01-19/en/clips/common_voice_en_20524996.mp3,1d8a5a86ea20aa36ecf601cae7c6cdaf25cface549454f3f365cdd1a36c0d36008c4f37b5c9f9823f50bc946fadd1f803ef7a70f74f613d2eedfd455caa9e595,THE SQUARE IS SOMETHING OF AN ACCIDENT
60,common_voice_en_21469192,6.96,/gpfsscratch/rech/nou/uzn19yk/cv-corpus-8.0-2022-01-19/en/clips/common_voice_en_21469192.mp3,1d8a5a86ea20aa36ecf601cae7c6cdaf25cface549454f3f365cdd1a36c0d36008c4f37b5c9f9823f50bc946fadd1f803ef7a70f74f613d2eedfd455caa9e595,DECOMMISSIONING OF THE BRENT FIELD WILL BE CONDUCTED OVER THE COMING DECADE
61,common_voice_en_20139819,8.687999999999999,/gpfsscratch/rech/nou/uzn19yk/cv-corpus-8.0-2022-01-19/en/clips/common_voice_en_20139819.mp3,1d8a5a86ea20aa36ecf601cae7c6cdaf25cface549454f3f365cdd1a36c0d36008c4f37b5c9f9823f50bc946fadd1f803ef7a70f74f613d2eedfd455caa9e595,MANY OF THE EARLY SETTLERS PROFITABLY ENGAGED IN ORANGE CULTURE AND VEGETABLE GARDENING
62,common_voice_en_20074995,7.3679999999999986,/gpfsscratch/rech/nou/uzn19yk/cv-corpus-8.0-2022-01-19/en/clips/common_voice_en_20074995.mp3,1d8a5a86ea20aa36ecf601cae7c6cdaf25cface549454f3f365cdd1a36c0d36008c4f37b5c9f9823f50bc946fadd1f803ef7a70f74f613d2eedfd455caa9e595,STOICA S FATHER TUDOREL WAS ALSO A FOOTBALLER AND A MIDFIELDER
63,common_voice_en_21572639,8.064,/gpfsscratch/rech/nou/uzn19yk/cv-corpus-8.0-2022-01-19/en/clips/common_voice_en_21572639.mp3,1d8a5a86ea20aa36ecf601cae7c6cdaf25cface549454f3f365cdd1a36c0d36008c4f37b5c9f9823f50bc946fadd1f803ef7a70f74f613d2eedfd455caa9e595,THIS HAS BEEN TENTATIVELY IDENTIFIED AS THE HAND OF THE POET THOMAS HOCCLEVE
64,common_voice_en_21771872,4.704,/gpfsscratch/rech/nou/uzn19yk/cv-corpus-8.0-2022-01-19/en/clips/common_voice_en_21771872.mp3,1d8a5a86ea20aa36ecf601cae7c6cdaf25cface549454f3f365cdd1a36c0d36008c4f37b5c9f9823f50bc946fadd1f803ef7a70f74f613d2eedfd455caa9e595,WE ONLY REALISE WHERE WE ARE
65,common_voice_en_20068111,6.6960000000000015,/gpfsscratch/rech/nou/uzn19yk/cv-corpus-8.0-2022-01-19/en/clips/common_voice_en_20068111.mp3,1d8a5a86ea20aa36ecf601cae7c6cdaf25cface549454f3f365cdd1a36c0d36008c4f37b5c9f9823f50bc946fadd1f803ef7a70f74f613d2eedfd455caa9e595,THE CUP IS ADORNED WITH RIBBONS IN THE COLOURS OF THE WINNING TEAM
66,common_voice_en_20957751,4.824,/gpfsscratch/rech/nou/uzn19yk/cv-corpus-8.0-2022-01-19/en/clips/common_voice_en_20957751.mp3,1d8a5a86ea20aa36ecf601cae7c6cdaf25cface549454f3f365cdd1a36c0d36008c4f37b5c9f9823f50bc946fadd1f803ef7a70f74f613d2eedfd455caa9e595,IT WAS CUTTING IT VERY FINE
67,common_voice_en_20478374,5.207999999999998,/gpfsscratch/rech/nou/uzn19yk/cv-corpus-8.0-2022-01-19/en/clips/common_voice_en_20478374.mp3,1d8a5a86ea20aa36ecf601cae7c6cdaf25cface549454f3f365cdd1a36c0d36008c4f37b5c9f9823f50bc946fadd1f803ef7a70f74f613d2eedfd455caa9e595,HE PLAYED COLLEGE FOOTBALL AT SOUTH CAROLINA
68,common_voice_en_22681896,6.072,/gpfsscratch/rech/nou/uzn19yk/cv-corpus-8.0-2022-01-19/en/clips/common_voice_en_22681896.mp3,1d8a5a86ea20aa36ecf601cae7c6cdaf25cface549454f3f365cdd1a36c0d36008c4f37b5c9f9823f50bc946fadd1f803ef7a70f74f613d2eedfd455caa9e595,HE HAS BEEN CAPPED BY ENGLAND AND THE BARBARIANS
69,common_voice_en_20000214,6.0,/gpfsscratch/rech/nou/uzn19yk/cv-corpus-8.0-2022-01-19/en/clips/common_voice_en_20000214.mp3,1d8a5a86ea20aa36ecf601cae7c6cdaf25cface549454f3f365cdd1a36c0d36008c4f37b5c9f9823f50bc946fadd1f803ef7a70f74f613d2eedfd455caa9e595,THE BAND TOURED CONSTANTLY AFTER THAT
70,common_voice_en_20088274,9.048,/gpfsscratch/rech/nou/uzn19yk/cv-corpus-8.0-2022-01-19/en/clips/common_voice_en_20088274.mp3,1d8a5a86ea20aa36ecf601cae7c6cdaf25cface549454f3f365cdd1a36c0d36008c4f37b5c9f9823f50bc946fadd1f803ef7a70f74f613d2eedfd455caa9e595,THEY HAVE MOSTLY GREEN PLUMAGE WITH SOME BLUE COLOURING ON THEIR OUTSPREAD WINGS
71,common_voice_en_20117804,6.024,/gpfsscratch/rech/nou/uzn19yk/cv-corpus-8.0-2022-01-19/en/clips/common_voice_en_20117804.mp3,1d8a5a86ea20aa36ecf601cae7c6cdaf25cface549454f3f365cdd1a36c0d36008c4f37b5c9f9823f50bc946fadd1f803ef7a70f74f613d2eedfd455caa9e595,THE WINES ARE LIGHT AND DRY AND BEST DRUNK YOUNG
72,common_voice_en_21240909,6.6960000000000015,/gpfsscratch/rech/nou/uzn19yk/cv-corpus-8.0-2022-01-19/en/clips/common_voice_en_21240909.mp3,1d8a5a86ea20aa36ecf601cae7c6cdaf25cface549454f3f365cdd1a36c0d36008c4f37b5c9f9823f50bc946fadd1f803ef7a70f74f613d2eedfd455caa9e595,THE ACADEMY PROVIDED FITZGERALD WITH A REPLACEMENT STATUETTE
73,common_voice_en_20363845,6.312,/gpfsscratch/rech/nou/uzn19yk/cv-corpus-8.0-2022-01-19/en/clips/common_voice_en_20363845.mp3,1d8a5a86ea20aa36ecf601cae7c6cdaf25cface549454f3f365cdd1a36c0d36008c4f37b5c9f9823f50bc946fadd1f803ef7a70f74f613d2eedfd455caa9e595,HE IS NOT INCLUDED ON THE SAINT LOUIS WALK OF FAME
74,common_voice_en_20957795,9.168,/gpfsscratch/rech/nou/uzn19yk/cv-corpus-8.0-2022-01-19/en/clips/common_voice_en_20957795.mp3,1d8a5a86ea20aa36ecf601cae7c6cdaf25cface549454f3f365cdd1a36c0d36008c4f37b5c9f9823f50bc946fadd1f803ef7a70f74f613d2eedfd455caa9e595,IT IS THE EARLIEST KNOWN GOSPEL BOOK FROM TOURS TO CONTAIN FOUR EVANGELIST PORTRAITS
75,common_voice_en_20117795,7.152,/gpfsscratch/rech/nou/uzn19yk/cv-corpus-8.0-2022-01-19/en/clips/common_voice_en_20117795.mp3,1d8a5a86ea20aa36ecf601cae7c6cdaf25cface549454f3f365cdd1a36c0d36008c4f37b5c9f9823f50bc946fadd1f803ef7a70f74f613d2eedfd455caa9e595,THIS MEANT THE CLUB WERE UNWILLING TO DEVELOP THE GROUND AND LOOKED FOR ALTERNATIVES
76,common_voice_en_20750450,6.816,/gpfsscratch/rech/nou/uzn19yk/cv-corpus-8.0-2022-01-19/en/clips/common_voice_en_20750450.mp3,1d8a5a86ea20aa36ecf601cae7c6cdaf25cface549454f3f365cdd1a36c0d36008c4f37b5c9f9823f50bc946fadd1f803ef7a70f74f613d2eedfd455caa9e595,HE IS ALSO THE UNCLE OF FORMER FIRST BASEMAN AND PITCHER LANCE NIEKRO
77,common_voice_en_20363830,6.768,/gpfsscratch/rech/nou/uzn19yk/cv-corpus-8.0-2022-01-19/en/clips/common_voice_en_20363830.mp3,1d8a5a86ea20aa36ecf601cae7c6cdaf25cface549454f3f365cdd1a36c0d36008c4f37b5c9f9823f50bc946fadd1f803ef7a70f74f613d2eedfd455caa9e595,HE WAS BURIED IN WYUKA CEMETERY LINCOLN NEBRASKA
78,common_voice_en_20348006,6.864,/gpfsscratch/rech/nou/uzn19yk/cv-corpus-8.0-2022-01-19/en/clips/common_voice_en_20348006.mp3,1d8a5a86ea20aa36ecf601cae7c6cdaf25cface549454f3f365cdd1a36c0d36008c4f37b5c9f9823f50bc946fadd1f803ef7a70f74f613d2eedfd455caa9e595,IT THEN BRIEFLY BECOMES A FREEWAY AS IT PASSES THROUGH NAPA
79,common_voice_en_20326324,8.016,/gpfsscratch/rech/nou/uzn19yk/cv-corpus-8.0-2022-01-19/en/clips/common_voice_en_20326324.mp3,1d8a5a86ea20aa36ecf601cae7c6cdaf25cface549454f3f365cdd1a36c0d36008c4f37b5c9f9823f50bc946fadd1f803ef7a70f74f613d2eedfd455caa9e595,MADI AYOUB S HANDICAPPED BROTHER IS IN NEED OF A MEDICAL OPERATION
80,common_voice_en_21262035,8.328,/gpfsscratch/rech/nou/uzn19yk/cv-corpus-8.0-2022-01-19/en/clips/common_voice_en_21262035.mp3,1d8a5a86ea20aa36ecf601cae7c6cdaf25cface549454f3f365cdd1a36c0d36008c4f37b5c9f9823f50bc946fadd1f803ef7a70f74f613d2eedfd455caa9e595,THE PHILADELPHIA POLICE DEPARTMENT PATROLS TWO DISTRICTS LOCATED WITHIN NORTHWEST PHILADELPHIA
81,common_voice_en_20497414,8.904,/gpfsscratch/rech/nou/uzn19yk/cv-corpus-8.0-2022-01-19/en/clips/common_voice_en_20497414.mp3,1d8a5a86ea20aa36ecf601cae7c6cdaf25cface549454f3f365cdd1a36c0d36008c4f37b5c9f9823f50bc946fadd1f803ef7a70f74f613d2eedfd455caa9e595,SHIRVAN HAS A LARGE URBAN TRANSPORT SYSTEM MOSTLY MANAGED BY THE MINISTRY OF TRANSPORTATION
82,common_voice_en_21388393,7.584,/gpfsscratch/rech/nou/uzn19yk/cv-corpus-8.0-2022-01-19/en/clips/common_voice_en_21388393.mp3,1d8a5a86ea20aa36ecf601cae7c6cdaf25cface549454f3f365cdd1a36c0d36008c4f37b5c9f9823f50bc946fadd1f803ef7a70f74f613d2eedfd455caa9e595,IT CONSISTS OF THE VILLAGE OF DOMPIERRE AND THE HAMLET OF GRANGES
83,common_voice_en_22681895,5.16,/gpfsscratch/rech/nou/uzn19yk/cv-corpus-8.0-2022-01-19/en/clips/common_voice_en_22681895.mp3,1d8a5a86ea20aa36ecf601cae7c6cdaf25cface549454f3f365cdd1a36c0d36008c4f37b5c9f9823f50bc946fadd1f803ef7a70f74f613d2eedfd455caa9e595,HE HAS BEEN IN REMISSION SINCE THOSE TREATMENTS
84,common_voice_en_20497426,6.768,/gpfsscratch/rech/nou/uzn19yk/cv-corpus-8.0-2022-01-19/en/clips/common_voice_en_20497426.mp3,1d8a5a86ea20aa36ecf601cae7c6cdaf25cface549454f3f365cdd1a36c0d36008c4f37b5c9f9823f50bc946fadd1f803ef7a70f74f613d2eedfd455caa9e595,THE NEXT MAJOR WORK BY ISTRATI WAS THE NOVEL CODINE
85,common_voice_en_20560069,7.68,/gpfsscratch/rech/nou/uzn19yk/cv-corpus-8.0-2022-01-19/en/clips/common_voice_en_20560069.mp3,1d8a5a86ea20aa36ecf601cae7c6cdaf25cface549454f3f365cdd1a36c0d36008c4f37b5c9f9823f50bc946fadd1f803ef7a70f74f613d2eedfd455caa9e595,ANOTHER EXAMPLE OF THE MODERN LEGACY IS THE GALL GAEL TRUST FOUNDED BY COLIN MACLEOD
86,common_voice_en_20075192,6.648,/gpfsscratch/rech/nou/uzn19yk/cv-corpus-8.0-2022-01-19/en/clips/common_voice_en_20075192.mp3,1d8a5a86ea20aa36ecf601cae7c6cdaf25cface549454f3f365cdd1a36c0d36008c4f37b5c9f9823f50bc946fadd1f803ef7a70f74f613d2eedfd455caa9e595,HIS BRIDE WAS IN TEXAS WHERE LONG DISTANCE MARRIAGES ARE LEGAL
87,common_voice_en_20951351,7.056,/gpfsscratch/rech/nou/uzn19yk/cv-corpus-8.0-2022-01-19/en/clips/common_voice_en_20951351.mp3,1d8a5a86ea20aa36ecf601cae7c6cdaf25cface549454f3f365cdd1a36c0d36008c4f37b5c9f9823f50bc946fadd1f803ef7a70f74f613d2eedfd455caa9e595,FACTORY TURBOCHARGED ENGINES BECAME AVAILABLE WITH THE B MODEL
88,common_voice_en_20215496,7.392,/gpfsscratch/rech/nou/uzn19yk/cv-corpus-8.0-2022-01-19/en/clips/common_voice_en_20215496.mp3,1d8a5a86ea20aa36ecf601cae7c6cdaf25cface549454f3f365cdd1a36c0d36008c4f37b5c9f9823f50bc946fadd1f803ef7a70f74f613d2eedfd455caa9e595,SOUND IS MEASURED BASED ON THE AMPLITUDE AND FREQUENCY OF A SOUND WAVE
89,common_voice_en_20553270,7.6560000000000015,/gpfsscratch/rech/nou/uzn19yk/cv-corpus-8.0-2022-01-19/en/clips/common_voice_en_20553270.mp3,1d8a5a86ea20aa36ecf601cae7c6cdaf25cface549454f3f365cdd1a36c0d36008c4f37b5c9f9823f50bc946fadd1f803ef7a70f74f613d2eedfd455caa9e595,RADICAL ECONOMIC CHANGE WAS OCCURRING ALL OVER THE MEDITERRANEAN BASIN AT THE TIME
90,common_voice_en_20478180,9.984,/gpfsscratch/rech/nou/uzn19yk/cv-corpus-8.0-2022-01-19/en/clips/common_voice_en_20478180.mp3,1d8a5a86ea20aa36ecf601cae7c6cdaf25cface549454f3f365cdd1a36c0d36008c4f37b5c9f9823f50bc946fadd1f803ef7a70f74f613d2eedfd455caa9e595,THE PARK ALSO CONSTITUTE THE SOUTHERN LIMIT OF TIGER BUSH PLATEAUS DISTRIBUTION IN NIGER
91,common_voice_en_21795973,5.6160000000000005,/gpfsscratch/rech/nou/uzn19yk/cv-corpus-8.0-2022-01-19/en/clips/common_voice_en_21795973.mp3,1d8a5a86ea20aa36ecf601cae7c6cdaf25cface549454f3f365cdd1a36c0d36008c4f37b5c9f9823f50bc946fadd1f803ef7a70f74f613d2eedfd455caa9e595,THE CAMPUS PRINCIPAL IS MR DAVID WOODS
92,common_voice_en_20436668,7.247999999999998,/gpfsscratch/rech/nou/uzn19yk/cv-corpus-8.0-2022-01-19/en/clips/common_voice_en_20436668.mp3,1d8a5a86ea20aa36ecf601cae7c6cdaf25cface549454f3f365cdd1a36c0d36008c4f37b5c9f9823f50bc946fadd1f803ef7a70f74f613d2eedfd455caa9e595,THE HYDROFOIL ELIMINATES THE EFFECTS OF CHOPPY OR ROUGH CONDITIONS
93,common_voice_en_20739942,7.8,/gpfsscratch/rech/nou/uzn19yk/cv-corpus-8.0-2022-01-19/en/clips/common_voice_en_20739942.mp3,1d8a5a86ea20aa36ecf601cae7c6cdaf25cface549454f3f365cdd1a36c0d36008c4f37b5c9f9823f50bc946fadd1f803ef7a70f74f613d2eedfd455caa9e595,CELLS DIVIDE ALONG THE LINE CONNECTING TWO CENTROSOMES OF SPINDLE APPARATUS
94,common_voice_en_20857531,9.912,/gpfsscratch/rech/nou/uzn19yk/cv-corpus-8.0-2022-01-19/en/clips/common_voice_en_20857531.mp3,1d8a5a86ea20aa36ecf601cae7c6cdaf25cface549454f3f365cdd1a36c0d36008c4f37b5c9f9823f50bc946fadd1f803ef7a70f74f613d2eedfd455caa9e595,THIS WOULD CREATE A DYNAMIC CONVERGENCE TOWARDS A SUBSISTENCE WAGE EQUILIBRIUM WITH CONSTANT POPULATION
95,common_voice_en_20117470,5.52,/gpfsscratch/rech/nou/uzn19yk/cv-corpus-8.0-2022-01-19/en/clips/common_voice_en_20117470.mp3,1d8a5a86ea20aa36ecf601cae7c6cdaf25cface549454f3f365cdd1a36c0d36008c4f37b5c9f9823f50bc946fadd1f803ef7a70f74f613d2eedfd455caa9e595,PLAYERS DO NOT DISCARD THREE OF A KIND
96,common_voice_en_20309542,5.184,/gpfsscratch/rech/nou/uzn19yk/cv-corpus-8.0-2022-01-19/en/clips/common_voice_en_20309542.mp3,1d8a5a86ea20aa36ecf601cae7c6cdaf25cface549454f3f365cdd1a36c0d36008c4f37b5c9f9823f50bc946fadd1f803ef7a70f74f613d2eedfd455caa9e595,EPISODE SCHEDULE AVAILABLE ON THE WEBSITE
97,common_voice_en_20803891,6.768,/gpfsscratch/rech/nou/uzn19yk/cv-corpus-8.0-2022-01-19/en/clips/common_voice_en_20803891.mp3,1d8a5a86ea20aa36ecf601cae7c6cdaf25cface549454f3f365cdd1a36c0d36008c4f37b5c9f9823f50bc946fadd1f803ef7a70f74f613d2eedfd455caa9e595,THE CHALARONNE FORMS PARTS OF THE COMMUNE S NORTHEASTERN BORDER
98,common_voice_en_19966626,5.6160000000000005,/gpfsscratch/rech/nou/uzn19yk/cv-corpus-8.0-2022-01-19/en/clips/common_voice_en_19966626.mp3,1d8a5a86ea20aa36ecf601cae7c6cdaf25cface549454f3f365cdd1a36c0d36008c4f37b5c9f9823f50bc946fadd1f803ef7a70f74f613d2eedfd455caa9e595,DIACRITIC MARKS WERE ALSO UTILIZED
99,common_voice_en_21447214,7.32,/gpfsscratch/rech/nou/uzn19yk/cv-corpus-8.0-2022-01-19/en/clips/common_voice_en_21447214.mp3,1d8a5a86ea20aa36ecf601cae7c6cdaf25cface549454f3f365cdd1a36c0d36008c4f37b5c9f9823f50bc946fadd1f803ef7a70f74f613d2eedfd455caa9e595,THE NEXT DAY THEY WERE CROWNED EMPEROR AND EMPRESS BY THE PATRIARCH
100,common_voice_en_20215437,8.184,/gpfsscratch/rech/nou/uzn19yk/cv-corpus-8.0-2022-01-19/en/clips/common_voice_en_20215437.mp3,1d8a5a86ea20aa36ecf601cae7c6cdaf25cface549454f3f365cdd1a36c0d36008c4f37b5c9f9823f50bc946fadd1f803ef7a70f74f613d2eedfd455caa9e595,JEWISH SAMARITAN CHRISTIAN AND MUSLIM TRADITIONS ALL ASSOCIATE THE WELL WITH JACOB
101,common_voice_en_20485049,10.416,/gpfsscratch/rech/nou/uzn19yk/cv-corpus-8.0-2022-01-19/en/clips/common_voice_en_20485049.mp3,1d8a5a86ea20aa36ecf601cae7c6cdaf25cface549454f3f365cdd1a36c0d36008c4f37b5c9f9823f50bc946fadd1f803ef7a70f74f613d2eedfd455caa9e595,A CONCURRENT CRIME WAVE WAS REPORTED IN MINSK AND VITEBSK BELARUS
102,common_voice_en_20148023,7.776,/gpfsscratch/rech/nou/uzn19yk/cv-corpus-8.0-2022-01-19/en/clips/common_voice_en_20148023.mp3,1d8a5a86ea20aa36ecf601cae7c6cdaf25cface549454f3f365cdd1a36c0d36008c4f37b5c9f9823f50bc946fadd1f803ef7a70f74f613d2eedfd455caa9e595,ERIN IS A NATIONAL SPOKESPERSON FOR THE NATIONAL CHILDREN S ALLIANCE
103,common_voice_en_20891185,7.896,/gpfsscratch/rech/nou/uzn19yk/cv-corpus-8.0-2022-01-19/en/clips/common_voice_en_20891185.mp3,1d8a5a86ea20aa36ecf601cae7c6cdaf25cface549454f3f365cdd1a36c0d36008c4f37b5c9f9823f50bc946fadd1f803ef7a70f74f613d2eedfd455caa9e595,SHE BASED IT ON THE LEGEND OF THE TENNIN CERES AND HER STOLEN HAGOROMO
104,common_voice_en_20413691,8.064,/gpfsscratch/rech/nou/uzn19yk/cv-corpus-8.0-2022-01-19/en/clips/common_voice_en_20413691.mp3,1d8a5a86ea20aa36ecf601cae7c6cdaf25cface549454f3f365cdd1a36c0d36008c4f37b5c9f9823f50bc946fadd1f803ef7a70f74f613d2eedfd455caa9e595,THE LEAD ARCHITECTS WERE H DOUGLAS IVES AND SLOAN AND ROBERTSON
105,common_voice_en_22361227,7.272,/gpfsscratch/rech/nou/uzn19yk/cv-corpus-8.0-2022-01-19/en/clips/common_voice_en_22361227.mp3,1d8a5a86ea20aa36ecf601cae7c6cdaf25cface549454f3f365cdd1a36c0d36008c4f37b5c9f9823f50bc946fadd1f803ef7a70f74f613d2eedfd455caa9e595,IN CASES OF SEVERAL YEARS PROBATIONARY LEVELS MAY CHANGE AS TIME GOES ON
106,common_voice_en_20903742,5.568,/gpfsscratch/rech/nou/uzn19yk/cv-corpus-8.0-2022-01-19/en/clips/common_voice_en_20903742.mp3,1d8a5a86ea20aa36ecf601cae7c6cdaf25cface549454f3f365cdd1a36c0d36008c4f37b5c9f9823f50bc946fadd1f803ef7a70f74f613d2eedfd455caa9e595,PUPATION MAY TAKE UP TO TWO WEEKS
107,common_voice_en_22912079,9.432,/gpfsscratch/rech/nou/uzn19yk/cv-corpus-8.0-2022-01-19/en/clips/common_voice_en_22912079.mp3,1d8a5a86ea20aa36ecf601cae7c6cdaf25cface549454f3f365cdd1a36c0d36008c4f37b5c9f9823f50bc946fadd1f803ef7a70f74f613d2eedfd455caa9e595,THE SEXUAL DIMORPHISM OF ADULT INDIAN STAR TORTOISES IS QUITE APPARENT
108,common_voice_en_21447304,9.0,/gpfsscratch/rech/nou/uzn19yk/cv-corpus-8.0-2022-01-19/en/clips/common_voice_en_21447304.mp3,1d8a5a86ea20aa36ecf601cae7c6cdaf25cface549454f3f365cdd1a36c0d36008c4f37b5c9f9823f50bc946fadd1f803ef7a70f74f613d2eedfd455caa9e595,THESE WERE RENAMED ALDINGTON MORTLAKE ROUNDWAY AND BEAUFORT WITH DOLPHIN BEING THE DAY BOYS HOUSE
109,common_voice_en_22520747,7.992000000000001,/gpfsscratch/rech/nou/uzn19yk/cv-corpus-8.0-2022-01-19/en/clips/common_voice_en_22520747.mp3,1d8a5a86ea20aa36ecf601cae7c6cdaf25cface549454f3f365cdd1a36c0d36008c4f37b5c9f9823f50bc946fadd1f803ef7a70f74f613d2eedfd455caa9e595,GOWERS AND HIS SUCCESSORS REVISED THEIR ADVICE AS USAGE CHANGED OVER THE YEARS
110,common_voice_en_20957799,7.152,/gpfsscratch/rech/nou/uzn19yk/cv-corpus-8.0-2022-01-19/en/clips/common_voice_en_20957799.mp3,1d8a5a86ea20aa36ecf601cae7c6cdaf25cface549454f3f365cdd1a36c0d36008c4f37b5c9f9823f50bc946fadd1f803ef7a70f74f613d2eedfd455caa9e595,HE WAS EDUCATED AT RUGBY SCHOOL AND QUEEN S COLLEGE OXFORD
111,common_voice_en_20045603,6.48,/gpfsscratch/rech/nou/uzn19yk/cv-corpus-8.0-2022-01-19/en/clips/common_voice_en_20045603.mp3,1d8a5a86ea20aa36ecf601cae7c6cdaf25cface549454f3f365cdd1a36c0d36008c4f37b5c9f9823f50bc946fadd1f803ef7a70f74f613d2eedfd455caa9e595,TOURISM IS THE MAINSTAY OF THE TOWN S ECONOMY
112,common_voice_en_20429100,5.376,/gpfsscratch/rech/nou/uzn19yk/cv-corpus-8.0-2022-01-19/en/clips/common_voice_en_20429100.mp3,1d8a5a86ea20aa36ecf601cae7c6cdaf25cface549454f3f365cdd1a36c0d36008c4f37b5c9f9823f50bc946fadd1f803ef7a70f74f613d2eedfd455caa9e595,MINTER S CAREER STEADILY GREW AFTER THAT
113,common_voice_en_20240976,9.264,/gpfsscratch/rech/nou/uzn19yk/cv-corpus-8.0-2022-01-19/en/clips/common_voice_en_20240976.mp3,1d8a5a86ea20aa36ecf601cae7c6cdaf25cface549454f3f365cdd1a36c0d36008c4f37b5c9f9823f50bc946fadd1f803ef7a70f74f613d2eedfd455caa9e595,IT IS LESS COMMON BUT STILL OCCASIONALLY OCCURS AMONGST THE OTHER LARGE WHALES
114,common_voice_en_20945239,7.2,/gpfsscratch/rech/nou/uzn19yk/cv-corpus-8.0-2022-01-19/en/clips/common_voice_en_20945239.mp3,1d8a5a86ea20aa36ecf601cae7c6cdaf25cface549454f3f365cdd1a36c0d36008c4f37b5c9f9823f50bc946fadd1f803ef7a70f74f613d2eedfd455caa9e595,THEY ARE LED BY VOCALIST KERALINO SANDOROVICH CALLED KERA
115,common_voice_en_20386670,5.448,/gpfsscratch/rech/nou/uzn19yk/cv-corpus-8.0-2022-01-19/en/clips/common_voice_en_20386670.mp3,1d8a5a86ea20aa36ecf601cae7c6cdaf25cface549454f3f365cdd1a36c0d36008c4f37b5c9f9823f50bc946fadd1f803ef7a70f74f613d2eedfd455caa9e595,HE ALSO BECAME THE CHAIRMAN OF THE MARTIAL ARTS ASSEMBLY
116,common_voice_en_20114712,10.272,/gpfsscratch/rech/nou/uzn19yk/cv-corpus-8.0-2022-01-19/en/clips/common_voice_en_20114712.mp3,1d8a5a86ea20aa36ecf601cae7c6cdaf25cface549454f3f365cdd1a36c0d36008c4f37b5c9f9823f50bc946fadd1f803ef7a70f74f613d2eedfd455caa9e595,IN WINTER THE WHOLE OF MONGOLIA COMES UNDER THE INFLUENCE OF THE SIBERIAN ANTICYCLONE
117,common_voice_en_22681772,9.408,/gpfsscratch/rech/nou/uzn19yk/cv-corpus-8.0-2022-01-19/en/clips/common_voice_en_22681772.mp3,1d8a5a86ea20aa36ecf601cae7c6cdaf25cface549454f3f365cdd1a36c0d36008c4f37b5c9f9823f50bc946fadd1f803ef7a70f74f613d2eedfd455caa9e595,BRIAN MAY SUPPORTS SUGGESTIONS THAT THE SONG CONTAINED VEILED REFERENCES TO MERCURY S PERSONAL TRAUMAS
118,common_voice_en_20320013,3.816,/gpfsscratch/rech/nou/uzn19yk/cv-corpus-8.0-2022-01-19/en/clips/common_voice_en_20320013.mp3,1d8a5a86ea20aa36ecf601cae7c6cdaf25cface549454f3f365cdd1a36c0d36008c4f37b5c9f9823f50bc946fadd1f803ef7a70f74f613d2eedfd455caa9e595,THE FINAL JEOPARDY
119,common_voice_en_20075061,5.352,/gpfsscratch/rech/nou/uzn19yk/cv-corpus-8.0-2022-01-19/en/clips/common_voice_en_20075061.mp3,1d8a5a86ea20aa36ecf601cae7c6cdaf25cface549454f3f365cdd1a36c0d36008c4f37b5c9f9823f50bc946fadd1f803ef7a70f74f613d2eedfd455caa9e595,HE FETCHES HIS SHOTGUN AND LEAVES
120,common_voice_en_22766218,7.752000000000002,/gpfsscratch/rech/nou/uzn19yk/cv-corpus-8.0-2022-01-19/en/clips/common_voice_en_22766218.mp3,1d8a5a86ea20aa36ecf601cae7c6cdaf25cface549454f3f365cdd1a36c0d36008c4f37b5c9f9823f50bc946fadd1f803ef7a70f74f613d2eedfd455caa9e595,FRIBOURG HAS NO CENTRAL CAMPUS AND ITS BUILDINGS ARE LOCATED THROUGHOUT THE CITY
121,common_voice_en_21205805,6.2639999999999985,/gpfsscratch/rech/nou/uzn19yk/cv-corpus-8.0-2022-01-19/en/clips/common_voice_en_21205805.mp3,1d8a5a86ea20aa36ecf601cae7c6cdaf25cface549454f3f365cdd1a36c0d36008c4f37b5c9f9823f50bc946fadd1f803ef7a70f74f613d2eedfd455caa9e595,HE WAS ADDITIONAL DEPUTY COMMISSIONER OF FARIDPUR
122,common_voice_en_20078407,8.424,/gpfsscratch/rech/nou/uzn19yk/cv-corpus-8.0-2022-01-19/en/clips/common_voice_en_20078407.mp3,1d8a5a86ea20aa36ecf601cae7c6cdaf25cface549454f3f365cdd1a36c0d36008c4f37b5c9f9823f50bc946fadd1f803ef7a70f74f613d2eedfd455caa9e595,VERY HIGH TRIGLYCERIDE LEVELS ALSO INCREASE THE RISK OF ACUTE PANCREATITIS
123,common_voice_en_20560014,8.328,/gpfsscratch/rech/nou/uzn19yk/cv-corpus-8.0-2022-01-19/en/clips/common_voice_en_20560014.mp3,1d8a5a86ea20aa36ecf601cae7c6cdaf25cface549454f3f365cdd1a36c0d36008c4f37b5c9f9823f50bc946fadd1f803ef7a70f74f613d2eedfd455caa9e595,OGUNQUIT IS DRAINED BY THE JOSIAS RIVER AND OGUNQUIT RIVER
124,common_voice_en_20826254,5.448,/gpfsscratch/rech/nou/uzn19yk/cv-corpus-8.0-2022-01-19/en/clips/common_voice_en_20826254.mp3,1d8a5a86ea20aa36ecf601cae7c6cdaf25cface549454f3f365cdd1a36c0d36008c4f37b5c9f9823f50bc946fadd1f803ef7a70f74f613d2eedfd455caa9e595,WINKELMAN IS ADJACENT TO HAYDEN ARIZONA
125,common_voice_en_20525036,6.456,/gpfsscratch/rech/nou/uzn19yk/cv-corpus-8.0-2022-01-19/en/clips/common_voice_en_20525036.mp3,1d8a5a86ea20aa36ecf601cae7c6cdaf25cface549454f3f365cdd1a36c0d36008c4f37b5c9f9823f50bc946fadd1f803ef7a70f74f613d2eedfd455caa9e595,IT IS ALSO FAVOURED BY TRADITIONALIST SKINHEADS
126,common_voice_en_22766188,5.88,/gpfsscratch/rech/nou/uzn19yk/cv-corpus-8.0-2022-01-19/en/clips/common_voice_en_22766188.mp3,1d8a5a86ea20aa36ecf601cae7c6cdaf25cface549454f3f365cdd1a36c0d36008c4f37b5c9f9823f50bc946fadd1f803ef7a70f74f613d2eedfd455caa9e595,THE ORIGIN OF EMIL LASALLE IS UNKNOWN
127,common_voice_en_20367049,8.04,/gpfsscratch/rech/nou/uzn19yk/cv-corpus-8.0-2022-01-19/en/clips/common_voice_en_20367049.mp3,1d8a5a86ea20aa36ecf601cae7c6cdaf25cface549454f3f365cdd1a36c0d36008c4f37b5c9f9823f50bc946fadd1f803ef7a70f74f613d2eedfd455caa9e595,MORGAN STATED THAT THE DOW JONES INDUSTRIAL AVERAGE DECLINED SHARPLY THE NEXT DAY
128,common_voice_en_20451481,5.376,/gpfsscratch/rech/nou/uzn19yk/cv-corpus-8.0-2022-01-19/en/clips/common_voice_en_20451481.mp3,1d8a5a86ea20aa36ecf601cae7c6cdaf25cface549454f3f365cdd1a36c0d36008c4f37b5c9f9823f50bc946fadd1f803ef7a70f74f613d2eedfd455caa9e595,WHEN A TEAM SINGS A SONG THEY EARN POINTS
129,common_voice_en_20420689,8.568,/gpfsscratch/rech/nou/uzn19yk/cv-corpus-8.0-2022-01-19/en/clips/common_voice_en_20420689.mp3,1d8a5a86ea20aa36ecf601cae7c6cdaf25cface549454f3f365cdd1a36c0d36008c4f37b5c9f9823f50bc946fadd1f803ef7a70f74f613d2eedfd455caa9e595,THE DISTINCT BODY FORM OF SWALLOWS DISTINGUISHES THEM FROM OTHER PASSERINE BIRDS
130,common_voice_en_21741102,4.968,/gpfsscratch/rech/nou/uzn19yk/cv-corpus-8.0-2022-01-19/en/clips/common_voice_en_21741102.mp3,1d8a5a86ea20aa36ecf601cae7c6cdaf25cface549454f3f365cdd1a36c0d36008c4f37b5c9f9823f50bc946fadd1f803ef7a70f74f613d2eedfd455caa9e595,ARISTOTLE DOES NOT LEAVE IT THAT HOWEVER
131,common_voice_en_21515353,7.392,/gpfsscratch/rech/nou/uzn19yk/cv-corpus-8.0-2022-01-19/en/clips/common_voice_en_21515353.mp3,1d8a5a86ea20aa36ecf601cae7c6cdaf25cface549454f3f365cdd1a36c0d36008c4f37b5c9f9823f50bc946fadd1f803ef7a70f74f613d2eedfd455caa9e595,ALIX BECAME THE HOME TO DOCTOR IRENE PARLBY ONE OF THE FAMOUS FIVE
132,common_voice_en_21240923,8.136000000000001,/gpfsscratch/rech/nou/uzn19yk/cv-corpus-8.0-2022-01-19/en/clips/common_voice_en_21240923.mp3,1d8a5a86ea20aa36ecf601cae7c6cdaf25cface549454f3f365cdd1a36c0d36008c4f37b5c9f9823f50bc946fadd1f803ef7a70f74f613d2eedfd455caa9e595,OF HER EMMY WIN HARGITAY COMMENTED IT MAKES ME ONLY WANT TO BE BETTER
133,common_voice_en_21771601,9.192,/gpfsscratch/rech/nou/uzn19yk/cv-corpus-8.0-2022-01-19/en/clips/common_voice_en_21771601.mp3,1d8a5a86ea20aa36ecf601cae7c6cdaf25cface549454f3f365cdd1a36c0d36008c4f37b5c9f9823f50bc946fadd1f803ef7a70f74f613d2eedfd455caa9e595,AS MINISTER OF ECONOMY DERBEZ WAS IN CHARGE OF MEXICO S INTERNATIONAL TRADE NEGOTIATIONS
134,common_voice_en_21229658,7.704,/gpfsscratch/rech/nou/uzn19yk/cv-corpus-8.0-2022-01-19/en/clips/common_voice_en_21229658.mp3,1d8a5a86ea20aa36ecf601cae7c6cdaf25cface549454f3f365cdd1a36c0d36008c4f37b5c9f9823f50bc946fadd1f803ef7a70f74f613d2eedfd455caa9e595,ONLY THE FIRST OF THESE IS A SYSTEM DEDICATED ONLY TO TOPOGRAPHY
135,common_voice_en_22519640,7.32,/gpfsscratch/rech/nou/uzn19yk/cv-corpus-8.0-2022-01-19/en/clips/common_voice_en_22519640.mp3,1d8a5a86ea20aa36ecf601cae7c6cdaf25cface549454f3f365cdd1a36c0d36008c4f37b5c9f9823f50bc946fadd1f803ef7a70f74f613d2eedfd455caa9e595,IN ADDITION THE SCHOOL OPERATES A TRAINING FARM AND A TECHNOLOGICAL COLLEGE
136,common_voice_en_21691217,9.072,/gpfsscratch/rech/nou/uzn19yk/cv-corpus-8.0-2022-01-19/en/clips/common_voice_en_21691217.mp3,1d8a5a86ea20aa36ecf601cae7c6cdaf25cface549454f3f365cdd1a36c0d36008c4f37b5c9f9823f50bc946fadd1f803ef7a70f74f613d2eedfd455caa9e595,THIS CONCEPT ALBUM OF P FUNK MYTHOLOGY IS USUALLY RATED AS ONE OF PARLIAMENT S BEST
137,common_voice_en_21860404,7.104,/gpfsscratch/rech/nou/uzn19yk/cv-corpus-8.0-2022-01-19/en/clips/common_voice_en_21860404.mp3,1d8a5a86ea20aa36ecf601cae7c6cdaf25cface549454f3f365cdd1a36c0d36008c4f37b5c9f9823f50bc946fadd1f803ef7a70f74f613d2eedfd455caa9e595,THIS LED TO RANDOM CAMEOS SUCH AS CLETUS AND ONE OF THE MOBSTERS
138,common_voice_en_20945280,6.072,/gpfsscratch/rech/nou/uzn19yk/cv-corpus-8.0-2022-01-19/en/clips/common_voice_en_20945280.mp3,1d8a5a86ea20aa36ecf601cae7c6cdaf25cface549454f3f365cdd1a36c0d36008c4f37b5c9f9823f50bc946fadd1f803ef7a70f74f613d2eedfd455caa9e595,BARAMULLA HAS A NUMBER OF GOVERNMENT RUN SCHOOLS
139,common_voice_en_20231755,6.12,/gpfsscratch/rech/nou/uzn19yk/cv-corpus-8.0-2022-01-19/en/clips/common_voice_en_20231755.mp3,1d8a5a86ea20aa36ecf601cae7c6cdaf25cface549454f3f365cdd1a36c0d36008c4f37b5c9f9823f50bc946fadd1f803ef7a70f74f613d2eedfd455caa9e595,THE TOWN WAS NAMED AFTER JUDGE AUGUSTUS PORTER
140,common_voice_en_21819463,7.68,/gpfsscratch/rech/nou/uzn19yk/cv-corpus-8.0-2022-01-19/en/clips/common_voice_en_21819463.mp3,1d8a5a86ea20aa36ecf601cae7c6cdaf25cface549454f3f365cdd1a36c0d36008c4f37b5c9f9823f50bc946fadd1f803ef7a70f74f613d2eedfd455caa9e595,PARSONS PLAYED MARGOT HINES A SNOOTY AIRHEADED WANNA BE BUSINESSWOMAN
141,common_voice_en_20450725,5.448,/gpfsscratch/rech/nou/uzn19yk/cv-corpus-8.0-2022-01-19/en/clips/common_voice_en_20450725.mp3,1d8a5a86ea20aa36ecf601cae7c6cdaf25cface549454f3f365cdd1a36c0d36008c4f37b5c9f9823f50bc946fadd1f803ef7a70f74f613d2eedfd455caa9e595,THE PAYLOAD MANAGER WAS DOCTOR JOHN T SNOW
142,common_voice_en_20436703,6.864,/gpfsscratch/rech/nou/uzn19yk/cv-corpus-8.0-2022-01-19/en/clips/common_voice_en_20436703.mp3,1d8a5a86ea20aa36ecf601cae7c6cdaf25cface549454f3f365cdd1a36c0d36008c4f37b5c9f9823f50bc946fadd1f803ef7a70f74f613d2eedfd455caa9e595,A LOTION WAS APPLIED TO THE HAIR TO HELP IT RETAIN ITS SHAPE
143,common_voice_en_20378456,6.912000000000001,/gpfsscratch/rech/nou/uzn19yk/cv-corpus-8.0-2022-01-19/en/clips/common_voice_en_20378456.mp3,1d8a5a86ea20aa36ecf601cae7c6cdaf25cface549454f3f365cdd1a36c0d36008c4f37b5c9f9823f50bc946fadd1f803ef7a70f74f613d2eedfd455caa9e595,THE NEAREST RAILWAY STATION IS NOW USUALLY SPELT SONWARA
144,common_voice_en_20139824,10.512,/gpfsscratch/rech/nou/uzn19yk/cv-corpus-8.0-2022-01-19/en/clips/common_voice_en_20139824.mp3,1d8a5a86ea20aa36ecf601cae7c6cdaf25cface549454f3f365cdd1a36c0d36008c4f37b5c9f9823f50bc946fadd1f803ef7a70f74f613d2eedfd455caa9e595,BLACKFOOT SIOUX CHEYENNE ARAPAHO AND NAVAHO TRIBES ALSO VISITED OR USED THE AREA
145,common_voice_en_20837392,8.184,/gpfsscratch/rech/nou/uzn19yk/cv-corpus-8.0-2022-01-19/en/clips/common_voice_en_20837392.mp3,1d8a5a86ea20aa36ecf601cae7c6cdaf25cface549454f3f365cdd1a36c0d36008c4f37b5c9f9823f50bc946fadd1f803ef7a70f74f613d2eedfd455caa9e595,SUZUKI HAD ALSO MARKETED THE CHEVROLET CRUZE SUBCOMPACT IN THE PAST
146,common_voice_en_20159875,6.312,/gpfsscratch/rech/nou/uzn19yk/cv-corpus-8.0-2022-01-19/en/clips/common_voice_en_20159875.mp3,1d8a5a86ea20aa36ecf601cae7c6cdaf25cface549454f3f365cdd1a36c0d36008c4f37b5c9f9823f50bc946fadd1f803ef7a70f74f613d2eedfd455caa9e595,SHE WAS ALSO PRESIDENT OF AUTISM SUSSEX
147,common_voice_en_20830879,5.856,/gpfsscratch/rech/nou/uzn19yk/cv-corpus-8.0-2022-01-19/en/clips/common_voice_en_20830879.mp3,1d8a5a86ea20aa36ecf601cae7c6cdaf25cface549454f3f365cdd1a36c0d36008c4f37b5c9f9823f50bc946fadd1f803ef7a70f74f613d2eedfd455caa9e595,THE CITY WAS NAMED AFTER FAIRMONT WEST VIRGINIA
148,common_voice_en_20739862,6.624,/gpfsscratch/rech/nou/uzn19yk/cv-corpus-8.0-2022-01-19/en/clips/common_voice_en_20739862.mp3,1d8a5a86ea20aa36ecf601cae7c6cdaf25cface549454f3f365cdd1a36c0d36008c4f37b5c9f9823f50bc946fadd1f803ef7a70f74f613d2eedfd455caa9e595,THIS MAKES NORWEGIAN SCANDINAVIA S LARGEST LOW COST AIRLINE
149,common_voice_en_20758977,5.544,/gpfsscratch/rech/nou/uzn19yk/cv-corpus-8.0-2022-01-19/en/clips/common_voice_en_20758977.mp3,1d8a5a86ea20aa36ecf601cae7c6cdaf25cface549454f3f365cdd1a36c0d36008c4f37b5c9f9823f50bc946fadd1f803ef7a70f74f613d2eedfd455caa9e595,THELMA DRAKE WAS BORN IN ELYRIA OHIO
150,common_voice_en_20322772,7.56,/gpfsscratch/rech/nou/uzn19yk/cv-corpus-8.0-2022-01-19/en/clips/common_voice_en_20322772.mp3,1d8a5a86ea20aa36ecf601cae7c6cdaf25cface549454f3f365cdd1a36c0d36008c4f37b5c9f9823f50bc946fadd1f803ef7a70f74f613d2eedfd455caa9e595,HOHNER SUBSEQUENTLY PRODUCED A WALLY SCHIRRA COMMEMORATIVE MODEL
151,common_voice_en_21469299,6.167999999999998,/gpfsscratch/rech/nou/uzn19yk/cv-corpus-8.0-2022-01-19/en/clips/common_voice_en_21469299.mp3,1d8a5a86ea20aa36ecf601cae7c6cdaf25cface549454f3f365cdd1a36c0d36008c4f37b5c9f9823f50bc946fadd1f803ef7a70f74f613d2eedfd455caa9e595,SEVERAL SPONSORS DECIDED TO CANCEL THEIR COMMERCIALS IN RESPONSE
152,common_voice_en_20588522,6.48,/gpfsscratch/rech/nou/uzn19yk/cv-corpus-8.0-2022-01-19/en/clips/common_voice_en_20588522.mp3,1d8a5a86ea20aa36ecf601cae7c6cdaf25cface549454f3f365cdd1a36c0d36008c4f37b5c9f9823f50bc946fadd1f803ef7a70f74f613d2eedfd455caa9e595,WARNER WAS LATER RENAMED WARNER VILLAGE CINEMAS AND THEN VUE CINEMAS
153,common_voice_en_20117491,9.168,/gpfsscratch/rech/nou/uzn19yk/cv-corpus-8.0-2022-01-19/en/clips/common_voice_en_20117491.mp3,1d8a5a86ea20aa36ecf601cae7c6cdaf25cface549454f3f365cdd1a36c0d36008c4f37b5c9f9823f50bc946fadd1f803ef7a70f74f613d2eedfd455caa9e595,THE PRODUCTION OF THE DEATH FROM ABOVE IS MUCH CLEANER THAN THEIR PREVIOUS RECORDINGS
154,common_voice_en_20908040,6.72,/gpfsscratch/rech/nou/uzn19yk/cv-corpus-8.0-2022-01-19/en/clips/common_voice_en_20908040.mp3,1d8a5a86ea20aa36ecf601cae7c6cdaf25cface549454f3f365cdd1a36c0d36008c4f37b5c9f9823f50bc946fadd1f803ef7a70f74f613d2eedfd455caa9e595,SHE WAS A MEMBER OF AN ADOPTIVE MASONIC LODGE
155,common_voice_en_22045762,9.84,/gpfsscratch/rech/nou/uzn19yk/cv-corpus-8.0-2022-01-19/en/clips/common_voice_en_22045762.mp3,1d8a5a86ea20aa36ecf601cae7c6cdaf25cface549454f3f365cdd1a36c0d36008c4f37b5c9f9823f50bc946fadd1f803ef7a70f74f613d2eedfd455caa9e595,HOWEVER NO KNOWN INFORMATION REGARDING THE KNIGHTS POSSIBLE ACTIVITIES IN FINLAND HAS SURVIVED
156,common_voice_en_21819632,7.8,/gpfsscratch/rech/nou/uzn19yk/cv-corpus-8.0-2022-01-19/en/clips/common_voice_en_21819632.mp3,1d8a5a86ea20aa36ecf601cae7c6cdaf25cface549454f3f365cdd1a36c0d36008c4f37b5c9f9823f50bc946fadd1f803ef7a70f74f613d2eedfd455caa9e595,THESE DATA MAY BE ATTENDED TO BY AN AUTOMATED TRANSMISSION SYSTEM
157,common_voice_en_20739832,5.28,/gpfsscratch/rech/nou/uzn19yk/cv-corpus-8.0-2022-01-19/en/clips/common_voice_en_20739832.mp3,1d8a5a86ea20aa36ecf601cae7c6cdaf25cface549454f3f365cdd1a36c0d36008c4f37b5c9f9823f50bc946fadd1f803ef7a70f74f613d2eedfd455caa9e595,THE FOLLOWING IS A LIST OF THEM WITH DESCRIPTIONS
158,common_voice_en_20583093,9.072,/gpfsscratch/rech/nou/uzn19yk/cv-corpus-8.0-2022-01-19/en/clips/common_voice_en_20583093.mp3,1d8a5a86ea20aa36ecf601cae7c6cdaf25cface549454f3f365cdd1a36c0d36008c4f37b5c9f9823f50bc946fadd1f803ef7a70f74f613d2eedfd455caa9e595,IN HIS FIRST FIGHT CUMMO DEFEATED ANTHONY TORRES BY UNANIMOUS DECISION AFTER THREE ROUNDS
159,common_voice_en_20018035,8.927999999999997,/gpfsscratch/rech/nou/uzn19yk/cv-corpus-8.0-2022-01-19/en/clips/common_voice_en_20018035.mp3,1d8a5a86ea20aa36ecf601cae7c6cdaf25cface549454f3f365cdd1a36c0d36008c4f37b5c9f9823f50bc946fadd1f803ef7a70f74f613d2eedfd455caa9e595,DRUSILLA AND DARLA UNSUCCESSFULLY ATTACK ANGEL AND LEAVE LOS ANGELES
160,common_voice_en_20367054,5.52,/gpfsscratch/rech/nou/uzn19yk/cv-corpus-8.0-2022-01-19/en/clips/common_voice_en_20367054.mp3,1d8a5a86ea20aa36ecf601cae7c6cdaf25cface549454f3f365cdd1a36c0d36008c4f37b5c9f9823f50bc946fadd1f803ef7a70f74f613d2eedfd455caa9e595,HIS MOTHER WAS JEWISH BUT WAS NOT PRACTISING
161,common_voice_en_20589611,5.472,/gpfsscratch/rech/nou/uzn19yk/cv-corpus-8.0-2022-01-19/en/clips/common_voice_en_20589611.mp3,1d8a5a86ea20aa36ecf601cae7c6cdaf25cface549454f3f365cdd1a36c0d36008c4f37b5c9f9823f50bc946fadd1f803ef7a70f74f613d2eedfd455caa9e595,DOCTOR FREDERICK HENRY SEXTON WAS APPOINTED PRINCIPAL
162,common_voice_en_20654204,6.6,/gpfsscratch/rech/nou/uzn19yk/cv-corpus-8.0-2022-01-19/en/clips/common_voice_en_20654204.mp3,1d8a5a86ea20aa36ecf601cae7c6cdaf25cface549454f3f365cdd1a36c0d36008c4f37b5c9f9823f50bc946fadd1f803ef7a70f74f613d2eedfd455caa9e595,THESE ARE OFTEN ACCOMPANIED BY BAKED BEANS FRENCH FRIES COLESLAW OR TOAST
163,common_voice_en_21055330,7.152,/gpfsscratch/rech/nou/uzn19yk/cv-corpus-8.0-2022-01-19/en/clips/common_voice_en_21055330.mp3,1d8a5a86ea20aa36ecf601cae7c6cdaf25cface549454f3f365cdd1a36c0d36008c4f37b5c9f9823f50bc946fadd1f803ef7a70f74f613d2eedfd455caa9e595,THE DEPLOYMENT WAS FAIRLY ROUTINE EXCEPT FOR TWO INCIDENTS
164,common_voice_en_21447178,6.864,/gpfsscratch/rech/nou/uzn19yk/cv-corpus-8.0-2022-01-19/en/clips/common_voice_en_21447178.mp3,1d8a5a86ea20aa36ecf601cae7c6cdaf25cface549454f3f365cdd1a36c0d36008c4f37b5c9f9823f50bc946fadd1f803ef7a70f74f613d2eedfd455caa9e595,HE CURRENTLY RESIDES IN DAVIDSON NORTH CAROLINA WITH HIS WIFE MICHELLE
165,common_voice_en_20148018,7.032,/gpfsscratch/rech/nou/uzn19yk/cv-corpus-8.0-2022-01-19/en/clips/common_voice_en_20148018.mp3,1d8a5a86ea20aa36ecf601cae7c6cdaf25cface549454f3f365cdd1a36c0d36008c4f37b5c9f9823f50bc946fadd1f803ef7a70f74f613d2eedfd455caa9e595,THIS TIME CRAIG BAIRD CAME OUT ON TOP FROM JOHN MCINTYRE
166,common_voice_en_20885571,7.3439999999999985,/gpfsscratch/rech/nou/uzn19yk/cv-corpus-8.0-2022-01-19/en/clips/common_voice_en_20885571.mp3,1d8a5a86ea20aa36ecf601cae7c6cdaf25cface549454f3f365cdd1a36c0d36008c4f37b5c9f9823f50bc946fadd1f803ef7a70f74f613d2eedfd455caa9e595,ANOTHER TASK THE ULTIMATUM GAME WAS USED TO MEASURE GENEROSITY
167,common_voice_en_21469450,7.152,/gpfsscratch/rech/nou/uzn19yk/cv-corpus-8.0-2022-01-19/en/clips/common_voice_en_21469450.mp3,1d8a5a86ea20aa36ecf601cae7c6cdaf25cface549454f3f365cdd1a36c0d36008c4f37b5c9f9823f50bc946fadd1f803ef7a70f74f613d2eedfd455caa9e595,THE NEXT DAY THE COUNCIL OF REPUBLICS VOTED TO DISSOLVE THE UNION
168,common_voice_en_22912094,4.2,/gpfsscratch/rech/nou/uzn19yk/cv-corpus-8.0-2022-01-19/en/clips/common_voice_en_22912094.mp3,1d8a5a86ea20aa36ecf601cae7c6cdaf25cface549454f3f365cdd1a36c0d36008c4f37b5c9f9823f50bc946fadd1f803ef7a70f74f613d2eedfd455caa9e595,HE WAS AN ONLY CHILD
169,common_voice_en_22746717,9.024,/gpfsscratch/rech/nou/uzn19yk/cv-corpus-8.0-2022-01-19/en/clips/common_voice_en_22746717.mp3,1d8a5a86ea20aa36ecf601cae7c6cdaf25cface549454f3f365cdd1a36c0d36008c4f37b5c9f9823f50bc946fadd1f803ef7a70f74f613d2eedfd455caa9e595,MANY FLAVORANTS CONSIST OF ESTERS WHICH ARE OFTEN DESCRIBED AS BEING SWEET OR FRUITY
170,common_voice_en_22912111,4.2,/gpfsscratch/rech/nou/uzn19yk/cv-corpus-8.0-2022-01-19/en/clips/common_voice_en_22912111.mp3,1d8a5a86ea20aa36ecf601cae7c6cdaf25cface549454f3f365cdd1a36c0d36008c4f37b5c9f9823f50bc946fadd1f803ef7a70f74f613d2eedfd455caa9e595,SHE GRADUATED EARLY TO BEGIN FILMING
171,common_voice_en_20903583,7.824,/gpfsscratch/rech/nou/uzn19yk/cv-corpus-8.0-2022-01-19/en/clips/common_voice_en_20903583.mp3,1d8a5a86ea20aa36ecf601cae7c6cdaf25cface549454f3f365cdd1a36c0d36008c4f37b5c9f9823f50bc946fadd1f803ef7a70f74f613d2eedfd455caa9e595,MOST EUPHONIAS ARE DARK METALLIC BLUE ABOVE AND BRIGHT YELLOW BELOW
172,common_voice_en_20478305,7.2,/gpfsscratch/rech/nou/uzn19yk/cv-corpus-8.0-2022-01-19/en/clips/common_voice_en_20478305.mp3,1d8a5a86ea20aa36ecf601cae7c6cdaf25cface549454f3f365cdd1a36c0d36008c4f37b5c9f9823f50bc946fadd1f803ef7a70f74f613d2eedfd455caa9e595,OSPREYS FISHING BIRDS OF PREY ARE NOW ON THE LAKE AS WELL
173,common_voice_en_20495701,4.6080000000000005,/gpfsscratch/rech/nou/uzn19yk/cv-corpus-8.0-2022-01-19/en/clips/common_voice_en_20495701.mp3,1d8a5a86ea20aa36ecf601cae7c6cdaf25cface549454f3f365cdd1a36c0d36008c4f37b5c9f9823f50bc946fadd1f803ef7a70f74f613d2eedfd455caa9e595,THANKS FOR ALL THE UNDYING SUPPORT
174,common_voice_en_20794166,5.688,/gpfsscratch/rech/nou/uzn19yk/cv-corpus-8.0-2022-01-19/en/clips/common_voice_en_20794166.mp3,1d8a5a86ea20aa36ecf601cae7c6cdaf25cface549454f3f365cdd1a36c0d36008c4f37b5c9f9823f50bc946fadd1f803ef7a70f74f613d2eedfd455caa9e595,KELLY WAS BORN AND RAISED IN SOUTHINGTON CONNECTICUT
175,common_voice_en_20186312,6.312,/gpfsscratch/rech/nou/uzn19yk/cv-corpus-8.0-2022-01-19/en/clips/common_voice_en_20186312.mp3,1d8a5a86ea20aa36ecf601cae7c6cdaf25cface549454f3f365cdd1a36c0d36008c4f37b5c9f9823f50bc946fadd1f803ef7a70f74f613d2eedfd455caa9e595,THE DEVICE COULD BE FOLDED FOR TRANSPORTATION ON THE BACK OF A TRUCK
176,common_voice_en_21795996,5.5920000000000005,/gpfsscratch/rech/nou/uzn19yk/cv-corpus-8.0-2022-01-19/en/clips/common_voice_en_21795996.mp3,1d8a5a86ea20aa36ecf601cae7c6cdaf25cface549454f3f365cdd1a36c0d36008c4f37b5c9f9823f50bc946fadd1f803ef7a70f74f613d2eedfd455caa9e595,IT IS THE COUNTY SEAT OF MILAM COUNTY
177,common_voice_en_22912120,3.768,/gpfsscratch/rech/nou/uzn19yk/cv-corpus-8.0-2022-01-19/en/clips/common_voice_en_22912120.mp3,1d8a5a86ea20aa36ecf601cae7c6cdaf25cface549454f3f365cdd1a36c0d36008c4f37b5c9f9823f50bc946fadd1f803ef7a70f74f613d2eedfd455caa9e595,THERE WAS NO GAS THERE
178,common_voice_en_20572061,8.04,/gpfsscratch/rech/nou/uzn19yk/cv-corpus-8.0-2022-01-19/en/clips/common_voice_en_20572061.mp3,1d8a5a86ea20aa36ecf601cae7c6cdaf25cface549454f3f365cdd1a36c0d36008c4f37b5c9f9823f50bc946fadd1f803ef7a70f74f613d2eedfd455caa9e595,RADICAL TOOK OVER THE DEVELOPMENT OF CRASH TAG TEAM RACING FROM TRAVELLER S TALES
179,common_voice_en_20451471,7.152,/gpfsscratch/rech/nou/uzn19yk/cv-corpus-8.0-2022-01-19/en/clips/common_voice_en_20451471.mp3,1d8a5a86ea20aa36ecf601cae7c6cdaf25cface549454f3f365cdd1a36c0d36008c4f37b5c9f9823f50bc946fadd1f803ef7a70f74f613d2eedfd455caa9e595,THE SAMPLE MAY THEN BE STUDIED USING VARIOUS SPECTROSCOPIC PROCEDURES
180,common_voice_en_20298168,6.624,/gpfsscratch/rech/nou/uzn19yk/cv-corpus-8.0-2022-01-19/en/clips/common_voice_en_20298168.mp3,1d8a5a86ea20aa36ecf601cae7c6cdaf25cface549454f3f365cdd1a36c0d36008c4f37b5c9f9823f50bc946fadd1f803ef7a70f74f613d2eedfd455caa9e595,THE EXPENSE IS PROHIBITIVE AND COLIN SOON EXHAUSTS HIS FUNDS
181,common_voice_en_20353861,5.976,/gpfsscratch/rech/nou/uzn19yk/cv-corpus-8.0-2022-01-19/en/clips/common_voice_en_20353861.mp3,1d8a5a86ea20aa36ecf601cae7c6cdaf25cface549454f3f365cdd1a36c0d36008c4f37b5c9f9823f50bc946fadd1f803ef7a70f74f613d2eedfd455caa9e595,HE ALSO PLAYS WITH THE SPANISH HARLOW ORCHESTRA
182,common_voice_en_21532956,4.848,/gpfsscratch/rech/nou/uzn19yk/cv-corpus-8.0-2022-01-19/en/clips/common_voice_en_21532956.mp3,1d8a5a86ea20aa36ecf601cae7c6cdaf25cface549454f3f365cdd1a36c0d36008c4f37b5c9f9823f50bc946fadd1f803ef7a70f74f613d2eedfd455caa9e595,THIS IS THE FOURTH MARRIAGE FOR BLACKMORE
183,common_voice_en_21229667,6.167999999999998,/gpfsscratch/rech/nou/uzn19yk/cv-corpus-8.0-2022-01-19/en/clips/common_voice_en_21229667.mp3,1d8a5a86ea20aa36ecf601cae7c6cdaf25cface549454f3f365cdd1a36c0d36008c4f37b5c9f9823f50bc946fadd1f803ef7a70f74f613d2eedfd455caa9e595,IN THESE DEVICES THE COMMUNICATION IS ONLY IN ONE DIRECTION
184,common_voice_en_20501484,7.44,/gpfsscratch/rech/nou/uzn19yk/cv-corpus-8.0-2022-01-19/en/clips/common_voice_en_20501484.mp3,1d8a5a86ea20aa36ecf601cae7c6cdaf25cface549454f3f365cdd1a36c0d36008c4f37b5c9f9823f50bc946fadd1f803ef7a70f74f613d2eedfd455caa9e595,AT ANALOG BOVA WON SIX HUGO AWARDS FOR BEST PROFESSIONAL EDITOR
185,common_voice_en_20245839,6.96,/gpfsscratch/rech/nou/uzn19yk/cv-corpus-8.0-2022-01-19/en/clips/common_voice_en_20245839.mp3,1d8a5a86ea20aa36ecf601cae7c6cdaf25cface549454f3f365cdd1a36c0d36008c4f37b5c9f9823f50bc946fadd1f803ef7a70f74f613d2eedfd455caa9e595,IT HOSTS A SECTION OF HONG KONG TRAMWAY AND ITS CAUSEWAY BAY TERMINUS
186,common_voice_en_19966628,7.2,/gpfsscratch/rech/nou/uzn19yk/cv-corpus-8.0-2022-01-19/en/clips/common_voice_en_19966628.mp3,1d8a5a86ea20aa36ecf601cae7c6cdaf25cface549454f3f365cdd1a36c0d36008c4f37b5c9f9823f50bc946fadd1f803ef7a70f74f613d2eedfd455caa9e595,IT IS POSSIBLE TO GENERALIZE SPECTRAL THEORY TO SUCH ALGEBRAS
187,common_voice_en_20794183,7.3679999999999986,/gpfsscratch/rech/nou/uzn19yk/cv-corpus-8.0-2022-01-19/en/clips/common_voice_en_20794183.mp3,1d8a5a86ea20aa36ecf601cae7c6cdaf25cface549454f3f365cdd1a36c0d36008c4f37b5c9f9823f50bc946fadd1f803ef7a70f74f613d2eedfd455caa9e595,STRONGER NOTIONS OF INACCESSIBILITY CAN BE DEFINED USING COFINALITY
188,common_voice_en_20810297,5.256,/gpfsscratch/rech/nou/uzn19yk/cv-corpus-8.0-2022-01-19/en/clips/common_voice_en_20810297.mp3,1d8a5a86ea20aa36ecf601cae7c6cdaf25cface549454f3f365cdd1a36c0d36008c4f37b5c9f9823f50bc946fadd1f803ef7a70f74f613d2eedfd455caa9e595,THIS WAS FORMERLY THE MATTER NIGHTCLUB
189,common_voice_en_20405447,6.5520000000000005,/gpfsscratch/rech/nou/uzn19yk/cv-corpus-8.0-2022-01-19/en/clips/common_voice_en_20405447.mp3,1d8a5a86ea20aa36ecf601cae7c6cdaf25cface549454f3f365cdd1a36c0d36008c4f37b5c9f9823f50bc946fadd1f803ef7a70f74f613d2eedfd455caa9e595,HISTORICAL REFERENCES TO CATHERINE IN HER LATER YEARS ARE FEW
190,common_voice_en_20879850,6.2879999999999985,/gpfsscratch/rech/nou/uzn19yk/cv-corpus-8.0-2022-01-19/en/clips/common_voice_en_20879850.mp3,1d8a5a86ea20aa36ecf601cae7c6cdaf25cface549454f3f365cdd1a36c0d36008c4f37b5c9f9823f50bc946fadd1f803ef7a70f74f613d2eedfd455caa9e595,AFTERWARDS CLAY HAD TO BE PHYSICALLY REMOVED FROM THE HOTEL ROOM
191,common_voice_en_20495699,6.36,/gpfsscratch/rech/nou/uzn19yk/cv-corpus-8.0-2022-01-19/en/clips/common_voice_en_20495699.mp3,1d8a5a86ea20aa36ecf601cae7c6cdaf25cface549454f3f365cdd1a36c0d36008c4f37b5c9f9823f50bc946fadd1f803ef7a70f74f613d2eedfd455caa9e595,A TEAMMATE THEN TOUCHES THE BALL WITH HIS HAND AND SHOUTS GOT IT
192,common_voice_en_22520309,6.5520000000000005,/gpfsscratch/rech/nou/uzn19yk/cv-corpus-8.0-2022-01-19/en/clips/common_voice_en_22520309.mp3,1d8a5a86ea20aa36ecf601cae7c6cdaf25cface549454f3f365cdd1a36c0d36008c4f37b5c9f9823f50bc946fadd1f803ef7a70f74f613d2eedfd455caa9e595,INSTEAD EACH OF THE THREE WESTERN ALLIES NAMED A HIGH COMMISSIONER
193,common_voice_en_20750366,8.376,/gpfsscratch/rech/nou/uzn19yk/cv-corpus-8.0-2022-01-19/en/clips/common_voice_en_20750366.mp3,1d8a5a86ea20aa36ecf601cae7c6cdaf25cface549454f3f365cdd1a36c0d36008c4f37b5c9f9823f50bc946fadd1f803ef7a70f74f613d2eedfd455caa9e595,AN UNFORTUNATE SIDE EFFECT OF THE RESURRECTION HOWEVER IS A SEVERE CASE OF DIARRHEA
194,common_voice_en_20525000,8.687999999999999,/gpfsscratch/rech/nou/uzn19yk/cv-corpus-8.0-2022-01-19/en/clips/common_voice_en_20525000.mp3,1d8a5a86ea20aa36ecf601cae7c6cdaf25cface549454f3f365cdd1a36c0d36008c4f37b5c9f9823f50bc946fadd1f803ef7a70f74f613d2eedfd455caa9e595,THE GODDESS MAHAKALI IS THE DESIGNATED GODDESS OF THE KUMAUN REGIMENT
195,common_voice_en_20669485,6.768,/gpfsscratch/rech/nou/uzn19yk/cv-corpus-8.0-2022-01-19/en/clips/common_voice_en_20669485.mp3,1d8a5a86ea20aa36ecf601cae7c6cdaf25cface549454f3f365cdd1a36c0d36008c4f37b5c9f9823f50bc946fadd1f803ef7a70f74f613d2eedfd455caa9e595,THE FILM WAS DIRECTED BY RICHARD LONCRAINE AND WRITTEN BY HUGH WHITEMORE
196,common_voice_en_21740843,5.808,/gpfsscratch/rech/nou/uzn19yk/cv-corpus-8.0-2022-01-19/en/clips/common_voice_en_21740843.mp3,1d8a5a86ea20aa36ecf601cae7c6cdaf25cface549454f3f365cdd1a36c0d36008c4f37b5c9f9823f50bc946fadd1f803ef7a70f74f613d2eedfd455caa9e595,THE DIFFERENCE WAS IN SOCIAL STATUS AND EDUCATION
197,common_voice_en_21229702,9.0,/gpfsscratch/rech/nou/uzn19yk/cv-corpus-8.0-2022-01-19/en/clips/common_voice_en_21229702.mp3,1d8a5a86ea20aa36ecf601cae7c6cdaf25cface549454f3f365cdd1a36c0d36008c4f37b5c9f9823f50bc946fadd1f803ef7a70f74f613d2eedfd455caa9e595,THIS ACCOMPLISHED FORREST WITHDREW FROM THE JACKSON AREA TO ATTACK TRENTON AND HUMBOLDT
198,common_voice_en_20699548,6.5760000000000005,/gpfsscratch/rech/nou/uzn19yk/cv-corpus-8.0-2022-01-19/en/clips/common_voice_en_20699548.mp3,1d8a5a86ea20aa36ecf601cae7c6cdaf25cface549454f3f365cdd1a36c0d36008c4f37b5c9f9823f50bc946fadd1f803ef7a70f74f613d2eedfd455caa9e595,IT WAS A SMALL WHITE PAINTED ROOM ONCE A MORTUARY
199,common_voice_en_21674005,6.864,/gpfsscratch/rech/nou/uzn19yk/cv-corpus-8.0-2022-01-19/en/clips/common_voice_en_21674005.mp3,1d8a5a86ea20aa36ecf601cae7c6cdaf25cface549454f3f365cdd1a36c0d36008c4f37b5c9f9823f50bc946fadd1f803ef7a70f74f613d2eedfd455caa9e595,THE ALASKA RAPTOR CENTER IS A PRIVATE NONPROFIT ORGANIZATION
200,common_voice_en_21515419,10.32,/gpfsscratch/rech/nou/uzn19yk/cv-corpus-8.0-2022-01-19/en/clips/common_voice_en_21515419.mp3,1d8a5a86ea20aa36ecf601cae7c6cdaf25cface549454f3f365cdd1a36c0d36008c4f37b5c9f9823f50bc946fadd1f803ef7a70f74f613d2eedfd455caa9e595,EXERCISE ENHANCES WALKING SPEED ALLOWING FOR SAFER AND MORE FUNCTIONAL AMBULATION CAPABILITIES
201,common_voice_en_21819577,6.5760000000000005,/gpfsscratch/rech/nou/uzn19yk/cv-corpus-8.0-2022-01-19/en/clips/common_voice_en_21819577.mp3,1d8a5a86ea20aa36ecf601cae7c6cdaf25cface549454f3f365cdd1a36c0d36008c4f37b5c9f9823f50bc946fadd1f803ef7a70f74f613d2eedfd455caa9e595,SETTLING NEAR VINCENNES INDIANA HE BECAME A FUR TRADER
202,common_voice_en_22520212,7.032,/gpfsscratch/rech/nou/uzn19yk/cv-corpus-8.0-2022-01-19/en/clips/common_voice_en_22520212.mp3,1d8a5a86ea20aa36ecf601cae7c6cdaf25cface549454f3f365cdd1a36c0d36008c4f37b5c9f9823f50bc946fadd1f803ef7a70f74f613d2eedfd455caa9e595,EVENTUALLY THOMAS LOSES THE CHASER AND GOES INTO AN ELEVATOR IN A BUILDING
203,common_voice_en_20744767,6.047999999999999,/gpfsscratch/rech/nou/uzn19yk/cv-corpus-8.0-2022-01-19/en/clips/common_voice_en_20744767.mp3,1d8a5a86ea20aa36ecf601cae7c6cdaf25cface549454f3f365cdd1a36c0d36008c4f37b5c9f9823f50bc946fadd1f803ef7a70f74f613d2eedfd455caa9e595,ONE OF HIS PUPILS IS DEODATO GUINACCIA
204,common_voice_en_20413721,8.064,/gpfsscratch/rech/nou/uzn19yk/cv-corpus-8.0-2022-01-19/en/clips/common_voice_en_20413721.mp3,1d8a5a86ea20aa36ecf601cae7c6cdaf25cface549454f3f365cdd1a36c0d36008c4f37b5c9f9823f50bc946fadd1f803ef7a70f74f613d2eedfd455caa9e595,SIMILARLY BOOT INFECTORS SPREAD DURING THE BOOT UP OF A COMPUTER
205,common_voice_en_20399761,5.232,/gpfsscratch/rech/nou/uzn19yk/cv-corpus-8.0-2022-01-19/en/clips/common_voice_en_20399761.mp3,1d8a5a86ea20aa36ecf601cae7c6cdaf25cface549454f3f365cdd1a36c0d36008c4f37b5c9f9823f50bc946fadd1f803ef7a70f74f613d2eedfd455caa9e595,EACH DEVELOPED FRUIT CONTAINS ONE SEED
206,common_voice_en_21388260,4.944,/gpfsscratch/rech/nou/uzn19yk/cv-corpus-8.0-2022-01-19/en/clips/common_voice_en_21388260.mp3,1d8a5a86ea20aa36ecf601cae7c6cdaf25cface549454f3f365cdd1a36c0d36008c4f37b5c9f9823f50bc946fadd1f803ef7a70f74f613d2eedfd455caa9e595,IT IS PUBLISHED BY SEVEN SEAS ENTERTAINMENT
207,common_voice_en_20324325,8.448,/gpfsscratch/rech/nou/uzn19yk/cv-corpus-8.0-2022-01-19/en/clips/common_voice_en_20324325.mp3,1d8a5a86ea20aa36ecf601cae7c6cdaf25cface549454f3f365cdd1a36c0d36008c4f37b5c9f9823f50bc946fadd1f803ef7a70f74f613d2eedfd455caa9e595,MORE SOPHISTICATED METHODS USE VARIOUS WAYS OF REDUCING THE CORRELATION BETWEEN SUCCESSIVE SAMPLES
208,common_voice_en_20431105,6.984,/gpfsscratch/rech/nou/uzn19yk/cv-corpus-8.0-2022-01-19/en/clips/common_voice_en_20431105.mp3,1d8a5a86ea20aa36ecf601cae7c6cdaf25cface549454f3f365cdd1a36c0d36008c4f37b5c9f9823f50bc946fadd1f803ef7a70f74f613d2eedfd455caa9e595,THE RADIO SERVICE ALSO HAD SECONDARY BROADCAST PREMISES IN TELFORD
209,common_voice_en_20436677,7.512,/gpfsscratch/rech/nou/uzn19yk/cv-corpus-8.0-2022-01-19/en/clips/common_voice_en_20436677.mp3,1d8a5a86ea20aa36ecf601cae7c6cdaf25cface549454f3f365cdd1a36c0d36008c4f37b5c9f9823f50bc946fadd1f803ef7a70f74f613d2eedfd455caa9e595,AT NOBLE STREET THE PANELS WERE REPLACED BY ETCHED GLASS PANELS
210,common_voice_en_20818938,6.648,/gpfsscratch/rech/nou/uzn19yk/cv-corpus-8.0-2022-01-19/en/clips/common_voice_en_20818938.mp3,1d8a5a86ea20aa36ecf601cae7c6cdaf25cface549454f3f365cdd1a36c0d36008c4f37b5c9f9823f50bc946fadd1f803ef7a70f74f613d2eedfd455caa9e595,THE CHANGES ARE DESCRIBED IN DETAIL IN A DOCUMENT CALLED THE PLAN
211,common_voice_en_20430865,6.504,/gpfsscratch/rech/nou/uzn19yk/cv-corpus-8.0-2022-01-19/en/clips/common_voice_en_20430865.mp3,1d8a5a86ea20aa36ecf601cae7c6cdaf25cface549454f3f365cdd1a36c0d36008c4f37b5c9f9823f50bc946fadd1f803ef7a70f74f613d2eedfd455caa9e595,HE ALSO LEARNED TO PLAY THE VIOLIN WHILE A MEMBER OF ROXY MUSIC
212,common_voice_en_20451447,9.072,/gpfsscratch/rech/nou/uzn19yk/cv-corpus-8.0-2022-01-19/en/clips/common_voice_en_20451447.mp3,1d8a5a86ea20aa36ecf601cae7c6cdaf25cface549454f3f365cdd1a36c0d36008c4f37b5c9f9823f50bc946fadd1f803ef7a70f74f613d2eedfd455caa9e595,LARRY S FRIEND COMEDIAN RICHARD LEWIS IS IN DIRE NEED OF A KIDNEY TRANSPLANT OPERATION
213,common_voice_en_20159939,7.728,/gpfsscratch/rech/nou/uzn19yk/cv-corpus-8.0-2022-01-19/en/clips/common_voice_en_20159939.mp3,1d8a5a86ea20aa36ecf601cae7c6cdaf25cface549454f3f365cdd1a36c0d36008c4f37b5c9f9823f50bc946fadd1f803ef7a70f74f613d2eedfd455caa9e595,THE WEST INDIES WON THE TOSS AND SENT NEW ZEALAND IN TO BAT FIRST
214,common_voice_en_20945283,8.208,/gpfsscratch/rech/nou/uzn19yk/cv-corpus-8.0-2022-01-19/en/clips/common_voice_en_20945283.mp3,1d8a5a86ea20aa36ecf601cae7c6cdaf25cface549454f3f365cdd1a36c0d36008c4f37b5c9f9823f50bc946fadd1f803ef7a70f74f613d2eedfd455caa9e595,ORIGINALLY THE POSITION OF DEPUTY PRIME MINISTER WAS AN UNOFFICIAL OR HONORARY POSITION
215,common_voice_en_21691211,7.463999999999999,/gpfsscratch/rech/nou/uzn19yk/cv-corpus-8.0-2022-01-19/en/clips/common_voice_en_21691211.mp3,1d8a5a86ea20aa36ecf601cae7c6cdaf25cface549454f3f365cdd1a36c0d36008c4f37b5c9f9823f50bc946fadd1f803ef7a70f74f613d2eedfd455caa9e595,THE MAJOR NATIONS OPERATING AIRCRAFT WERE ALLOCATED A SINGLE LETTER PREFIX
216,common_voice_en_20040536,7.704,/gpfsscratch/rech/nou/uzn19yk/cv-corpus-8.0-2022-01-19/en/clips/common_voice_en_20040536.mp3,1d8a5a86ea20aa36ecf601cae7c6cdaf25cface549454f3f365cdd1a36c0d36008c4f37b5c9f9823f50bc946fadd1f803ef7a70f74f613d2eedfd455caa9e595,ON THE NORTHEAST CORNER OVER WILLIAM STREET IS THE QUEEN VICTORIA MARKET
217,common_voice_en_21819581,5.904,/gpfsscratch/rech/nou/uzn19yk/cv-corpus-8.0-2022-01-19/en/clips/common_voice_en_21819581.mp3,1d8a5a86ea20aa36ecf601cae7c6cdaf25cface549454f3f365cdd1a36c0d36008c4f37b5c9f9823f50bc946fadd1f803ef7a70f74f613d2eedfd455caa9e595,IT NEEDS PEOPLE OF VISION TO GET THE DREAM TO THE STARTING GRID
218,common_voice_en_20159199,8.832,/gpfsscratch/rech/nou/uzn19yk/cv-corpus-8.0-2022-01-19/en/clips/common_voice_en_20159199.mp3,1d8a5a86ea20aa36ecf601cae7c6cdaf25cface549454f3f365cdd1a36c0d36008c4f37b5c9f9823f50bc946fadd1f803ef7a70f74f613d2eedfd455caa9e595,THE EIGHT YEAR SENEGAMBIA CONFEDERATION WAS ONE OF THE LONGEST LIVED AFRICAN UNIONS OF THE PERIOD
219,common_voice_en_21205602,5.64,/gpfsscratch/rech/nou/uzn19yk/cv-corpus-8.0-2022-01-19/en/clips/common_voice_en_21205602.mp3,1d8a5a86ea20aa36ecf601cae7c6cdaf25cface549454f3f365cdd1a36c0d36008c4f37b5c9f9823f50bc946fadd1f803ef7a70f74f613d2eedfd455caa9e595,WHILE IN HEIDELBERG HE MARRIED MARIA KOENEN
220,common_voice_en_21691212,5.064,/gpfsscratch/rech/nou/uzn19yk/cv-corpus-8.0-2022-01-19/en/clips/common_voice_en_21691212.mp3,1d8a5a86ea20aa36ecf601cae7c6cdaf25cface549454f3f365cdd1a36c0d36008c4f37b5c9f9823f50bc946fadd1f803ef7a70f74f613d2eedfd455caa9e595,THEY ARE GENERALLY ACCOMPANIED BY CELEBRATIONS
221,common_voice_en_21860457,4.992,/gpfsscratch/rech/nou/uzn19yk/cv-corpus-8.0-2022-01-19/en/clips/common_voice_en_21860457.mp3,1d8a5a86ea20aa36ecf601cae7c6cdaf25cface549454f3f365cdd1a36c0d36008c4f37b5c9f9823f50bc946fadd1f803ef7a70f74f613d2eedfd455caa9e595,A THIRD GLARE CAME CLOSE ON ITS PREDECESSORS
222,common_voice_en_21796029,9.048,/gpfsscratch/rech/nou/uzn19yk/cv-corpus-8.0-2022-01-19/en/clips/common_voice_en_21796029.mp3,1d8a5a86ea20aa36ecf601cae7c6cdaf25cface549454f3f365cdd1a36c0d36008c4f37b5c9f9823f50bc946fadd1f803ef7a70f74f613d2eedfd455caa9e595,THEREFORE CONTEMPT IS A RESPONSE TO A PERCEIVED FAILURE TO MEET AN INTERPERSONAL STANDARD
223,common_voice_en_20353887,9.96,/gpfsscratch/rech/nou/uzn19yk/cv-corpus-8.0-2022-01-19/en/clips/common_voice_en_20353887.mp3,1d8a5a86ea20aa36ecf601cae7c6cdaf25cface549454f3f365cdd1a36c0d36008c4f37b5c9f9823f50bc946fadd1f803ef7a70f74f613d2eedfd455caa9e595,THE SUBURB DRAWS ITS PLACE NAMES FROM NOTABLE AUSTRALIAN DIPLOMATS PUBLIC SERVANTS AND ADMINISTRATORS
224,common_voice_en_20339110,6.84,/gpfsscratch/rech/nou/uzn19yk/cv-corpus-8.0-2022-01-19/en/clips/common_voice_en_20339110.mp3,1d8a5a86ea20aa36ecf601cae7c6cdaf25cface549454f3f365cdd1a36c0d36008c4f37b5c9f9823f50bc946fadd1f803ef7a70f74f613d2eedfd455caa9e595,THE CONCH IS USED BY BUDDHIST MONKS FOR RELIGIOUS PURPOSES
225,common_voice_en_20758914,8.16,/gpfsscratch/rech/nou/uzn19yk/cv-corpus-8.0-2022-01-19/en/clips/common_voice_en_20758914.mp3,1d8a5a86ea20aa36ecf601cae7c6cdaf25cface549454f3f365cdd1a36c0d36008c4f37b5c9f9823f50bc946fadd1f803ef7a70f74f613d2eedfd455caa9e595,A PROPORTION OF THESE HOUSES WERE SET ASIDE FOR RENT BY GLASGOW CORPORATION
226,common_voice_en_20271282,7.272,/gpfsscratch/rech/nou/uzn19yk/cv-corpus-8.0-2022-01-19/en/clips/common_voice_en_20271282.mp3,1d8a5a86ea20aa36ecf601cae7c6cdaf25cface549454f3f365cdd1a36c0d36008c4f37b5c9f9823f50bc946fadd1f803ef7a70f74f613d2eedfd455caa9e595,THIS EPISODE IS A DEPICTION OF RACIAL PREJUDICE IN AMERICA
227,common_voice_en_20474067,6.744,/gpfsscratch/rech/nou/uzn19yk/cv-corpus-8.0-2022-01-19/en/clips/common_voice_en_20474067.mp3,1d8a5a86ea20aa36ecf601cae7c6cdaf25cface549454f3f365cdd1a36c0d36008c4f37b5c9f9823f50bc946fadd1f803ef7a70f74f613d2eedfd455caa9e595,THE INTERIOR DESIGN WAS DONE BY IVANA PORFIRI
228,common_voice_en_20665038,9.36,/gpfsscratch/rech/nou/uzn19yk/cv-corpus-8.0-2022-01-19/en/clips/common_voice_en_20665038.mp3,1d8a5a86ea20aa36ecf601cae7c6cdaf25cface549454f3f365cdd1a36c0d36008c4f37b5c9f9823f50bc946fadd1f803ef7a70f74f613d2eedfd455caa9e595,THIS SPECIES ALSO HYBRIDIZES REGULARLY WITH THE HERRING GULL IN ALASKA
229,common_voice_en_20371989,5.4,/gpfsscratch/rech/nou/uzn19yk/cv-corpus-8.0-2022-01-19/en/clips/common_voice_en_20371989.mp3,1d8a5a86ea20aa36ecf601cae7c6cdaf25cface549454f3f365cdd1a36c0d36008c4f37b5c9f9823f50bc946fadd1f803ef7a70f74f613d2eedfd455caa9e595,SOME CLOTHES ARE PRE SHRUNK TO AVOID THIS PROBLEM
230,common_voice_en_21606009,7.512,/gpfsscratch/rech/nou/uzn19yk/cv-corpus-8.0-2022-01-19/en/clips/common_voice_en_21606009.mp3,1d8a5a86ea20aa36ecf601cae7c6cdaf25cface549454f3f365cdd1a36c0d36008c4f37b5c9f9823f50bc946fadd1f803ef7a70f74f613d2eedfd455caa9e595,PAINEWEBBER GROUP INCORPORATED WAS ESTABLISHED AS THE PARENT HOLDING COMPANY
231,common_voice_en_20240998,7.776,/gpfsscratch/rech/nou/uzn19yk/cv-corpus-8.0-2022-01-19/en/clips/common_voice_en_20240998.mp3,1d8a5a86ea20aa36ecf601cae7c6cdaf25cface549454f3f365cdd1a36c0d36008c4f37b5c9f9823f50bc946fadd1f803ef7a70f74f613d2eedfd455caa9e595,THE WEST BOSTON MASSACHUSETTS NEIGHBORHOOD OF ALLSTON IS NAMED AFTER HIM
232,common_voice_en_20616449,6.024,/gpfsscratch/rech/nou/uzn19yk/cv-corpus-8.0-2022-01-19/en/clips/common_voice_en_20616449.mp3,1d8a5a86ea20aa36ecf601cae7c6cdaf25cface549454f3f365cdd1a36c0d36008c4f37b5c9f9823f50bc946fadd1f803ef7a70f74f613d2eedfd455caa9e595,AT THE TIME HIS WEBLOG USED THE NAME THE KERRY SPOT
233,common_voice_en_20129562,4.464,/gpfsscratch/rech/nou/uzn19yk/cv-corpus-8.0-2022-01-19/en/clips/common_voice_en_20129562.mp3,1d8a5a86ea20aa36ecf601cae7c6cdaf25cface549454f3f365cdd1a36c0d36008c4f37b5c9f9823f50bc946fadd1f803ef7a70f74f613d2eedfd455caa9e595,I COULD SEE RIGHT DOWN IT
234,common_voice_en_21240834,9.072,/gpfsscratch/rech/nou/uzn19yk/cv-corpus-8.0-2022-01-19/en/clips/common_voice_en_21240834.mp3,1d8a5a86ea20aa36ecf601cae7c6cdaf25cface549454f3f365cdd1a36c0d36008c4f37b5c9f9823f50bc946fadd1f803ef7a70f74f613d2eedfd455caa9e595,THE NERVES THAT SYNAPSE IN THE PREVERTEBRAL GANGLIA INNERVATE THE PELVIC VISCERA
235,common_voice_en_21397895,7.44,/gpfsscratch/rech/nou/uzn19yk/cv-corpus-8.0-2022-01-19/en/clips/common_voice_en_21397895.mp3,1d8a5a86ea20aa36ecf601cae7c6cdaf25cface549454f3f365cdd1a36c0d36008c4f37b5c9f9823f50bc946fadd1f803ef7a70f74f613d2eedfd455caa9e595,DAIL WAS ULTIMATELY SUCCESSFUL IN TURNING BACK THESE CHARGES
236,common_voice_en_20201110,9.576,/gpfsscratch/rech/nou/uzn19yk/cv-corpus-8.0-2022-01-19/en/clips/common_voice_en_20201110.mp3,1d8a5a86ea20aa36ecf601cae7c6cdaf25cface549454f3f365cdd1a36c0d36008c4f37b5c9f9823f50bc946fadd1f803ef7a70f74f613d2eedfd455caa9e595,IN MEXICO THEY ARE AN ALL AROUND HORSE USED FOR RIDING PACKING AND LIGHT DRAFT
237,common_voice_en_20810312,5.784,/gpfsscratch/rech/nou/uzn19yk/cv-corpus-8.0-2022-01-19/en/clips/common_voice_en_20810312.mp3,1d8a5a86ea20aa36ecf601cae7c6cdaf25cface549454f3f365cdd1a36c0d36008c4f37b5c9f9823f50bc946fadd1f803ef7a70f74f613d2eedfd455caa9e595,OLSEN AVERAGED A DAY SLIGHTLY MORE THAN A MARATHON
238,common_voice_en_20353895,8.16,/gpfsscratch/rech/nou/uzn19yk/cv-corpus-8.0-2022-01-19/en/clips/common_voice_en_20353895.mp3,1d8a5a86ea20aa36ecf601cae7c6cdaf25cface549454f3f365cdd1a36c0d36008c4f37b5c9f9823f50bc946fadd1f803ef7a70f74f613d2eedfd455caa9e595,HE THEN TOOK MERMAID INTO OYSTER HARBOUR REMAINING THERE FOR NEARLY TWO WEEKS
239,common_voice_en_20794164,6.5520000000000005,/gpfsscratch/rech/nou/uzn19yk/cv-corpus-8.0-2022-01-19/en/clips/common_voice_en_20794164.mp3,1d8a5a86ea20aa36ecf601cae7c6cdaf25cface549454f3f365cdd1a36c0d36008c4f37b5c9f9823f50bc946fadd1f803ef7a70f74f613d2eedfd455caa9e595,AZIZ NESIN WAS A POLITICAL ACTIVIST
240,common_voice_en_21819479,9.0,/gpfsscratch/rech/nou/uzn19yk/cv-corpus-8.0-2022-01-19/en/clips/common_voice_en_21819479.mp3,1d8a5a86ea20aa36ecf601cae7c6cdaf25cface549454f3f365cdd1a36c0d36008c4f37b5c9f9823f50bc946fadd1f803ef7a70f74f613d2eedfd455caa9e595,LOS ANGELES POLICE DEPARTMENT OPERATES THE NEARBY TOPANGA COMMUNITY POLICE STATION
241,common_voice_en_21469149,6.6,/gpfsscratch/rech/nou/uzn19yk/cv-corpus-8.0-2022-01-19/en/clips/common_voice_en_21469149.mp3,1d8a5a86ea20aa36ecf601cae7c6cdaf25cface549454f3f365cdd1a36c0d36008c4f37b5c9f9823f50bc946fadd1f803ef7a70f74f613d2eedfd455caa9e595,THE WEATHER RESTRICTED THE VISUAL RANGE TO MUCH LESS THAN THE GUN RANGE
242,common_voice_en_20240973,7.584,/gpfsscratch/rech/nou/uzn19yk/cv-corpus-8.0-2022-01-19/en/clips/common_voice_en_20240973.mp3,1d8a5a86ea20aa36ecf601cae7c6cdaf25cface549454f3f365cdd1a36c0d36008c4f37b5c9f9823f50bc946fadd1f803ef7a70f74f613d2eedfd455caa9e595,BUT SHE WAS A MARRIED WOMAN AND HE BELIEVED IN SIMPLE FRIENDSHIP
243,common_voice_en_21605948,9.264,/gpfsscratch/rech/nou/uzn19yk/cv-corpus-8.0-2022-01-19/en/clips/common_voice_en_21605948.mp3,1d8a5a86ea20aa36ecf601cae7c6cdaf25cface549454f3f365cdd1a36c0d36008c4f37b5c9f9823f50bc946fadd1f803ef7a70f74f613d2eedfd455caa9e595,FORMED DURING THE CRETACEOUS PERIOD THEY ARE HIGHLY DEFORMED FROM UPLIFT AND FOLDING PROCESSES
244,common_voice_en_20186182,7.6320000000000014,/gpfsscratch/rech/nou/uzn19yk/cv-corpus-8.0-2022-01-19/en/clips/common_voice_en_20186182.mp3,1d8a5a86ea20aa36ecf601cae7c6cdaf25cface549454f3f365cdd1a36c0d36008c4f37b5c9f9823f50bc946fadd1f803ef7a70f74f613d2eedfd455caa9e595,PRODUCERS INCLUDED RON SAINT GERMAIN TIM PALMER AND MICHAEL ROSEN
245,common_voice_en_20088238,10.08,/gpfsscratch/rech/nou/uzn19yk/cv-corpus-8.0-2022-01-19/en/clips/common_voice_en_20088238.mp3,1d8a5a86ea20aa36ecf601cae7c6cdaf25cface549454f3f365cdd1a36c0d36008c4f37b5c9f9823f50bc946fadd1f803ef7a70f74f613d2eedfd455caa9e595,AMNESIAC AND DISORIENTATED THE CHARACTER SEEKS TO UNDERSTAND WHAT HIS TRUE IDENTITY IS
246,common_voice_en_20131999,5.688,/gpfsscratch/rech/nou/uzn19yk/cv-corpus-8.0-2022-01-19/en/clips/common_voice_en_20131999.mp3,1d8a5a86ea20aa36ecf601cae7c6cdaf25cface549454f3f365cdd1a36c0d36008c4f37b5c9f9823f50bc946fadd1f803ef7a70f74f613d2eedfd455caa9e595,THE STADIUM HAS HOSTED THE SUPER BOWL FIVE TIMES
247,common_voice_en_20553333,6.648,/gpfsscratch/rech/nou/uzn19yk/cv-corpus-8.0-2022-01-19/en/clips/common_voice_en_20553333.mp3,1d8a5a86ea20aa36ecf601cae7c6cdaf25cface549454f3f365cdd1a36c0d36008c4f37b5c9f9823f50bc946fadd1f803ef7a70f74f613d2eedfd455caa9e595,A FULLY TRAINED REDCOAT COULD FIRE FOUR TIMES A MINUTE
248,common_voice_en_22681917,5.544,/gpfsscratch/rech/nou/uzn19yk/cv-corpus-8.0-2022-01-19/en/clips/common_voice_en_22681917.mp3,1d8a5a86ea20aa36ecf601cae7c6cdaf25cface549454f3f365cdd1a36c0d36008c4f37b5c9f9823f50bc946fadd1f803ef7a70f74f613d2eedfd455caa9e595,THE CAVITIES ARE FILLED IN WITH EPOXY
249,common_voice_en_21240777,9.576,/gpfsscratch/rech/nou/uzn19yk/cv-corpus-8.0-2022-01-19/en/clips/common_voice_en_21240777.mp3,1d8a5a86ea20aa36ecf601cae7c6cdaf25cface549454f3f365cdd1a36c0d36008c4f37b5c9f9823f50bc946fadd1f803ef7a70f74f613d2eedfd455caa9e595,THEY WERE FRONTED BY ADRIAN BORLAND AND EVOLVED FROM HIS PREVIOUS BAND THE OUTSIDERS
250,common_voice_en_20495668,6.6,/gpfsscratch/rech/nou/uzn19yk/cv-corpus-8.0-2022-01-19/en/clips/common_voice_en_20495668.mp3,1d8a5a86ea20aa36ecf601cae7c6cdaf25cface549454f3f365cdd1a36c0d36008c4f37b5c9f9823f50bc946fadd1f803ef7a70f74f613d2eedfd455caa9e595,ITS AREA OF OPERATION WAS THE SOUTH WESTERN REGION OF ENGLAND
251,common_voice_en_20353921,7.296,/gpfsscratch/rech/nou/uzn19yk/cv-corpus-8.0-2022-01-19/en/clips/common_voice_en_20353921.mp3,1d8a5a86ea20aa36ecf601cae7c6cdaf25cface549454f3f365cdd1a36c0d36008c4f37b5c9f9823f50bc946fadd1f803ef7a70f74f613d2eedfd455caa9e595,MRS GILBERT CLEARED HER THROAT AND BEAMED
